sequence_index,word,layer
1,"radiate","必考词"
2,"radiant","必考词"
3,"radical","必考词"
4,"object","必考词"
5,"objective","必考词"
6,"objection","必考词"
7,"obligation","必考词"
8,"oblige","必考词"
9,"obscure","必考词"
10,"observation","必考词"
11,"observe","必考词"
12,"obsession","必考词"
13,"obsolete","必考词"
14,"obtain","必考词"
15,"obvious","必考词"
16,"ideal","必考词"
17,"ideology","必考词"
18,"identical","必考词"
19,"identification","必考词"
20,"identify","必考词"
21,"identity","必考词"
22,"journal","必考词"
23,"journalist","必考词"
24,"journey","必考词"
25,"judge","必考词"
26,"judgement","必考词"
27,"judicial","必考词"
28,"jury","必考词"
29,"jurisdiction","必考词"
30,"justice","必考词"
31,"justify","必考词"
32,"label","必考词"
33,"lag","必考词"
34,"largely","必考词"
35,"lateral","必考词"
36,"latter","必考词"
37,"law","必考词"
38,"lawsuit","必考词"
39,"magnitude","必考词"
40,"magnify","必考词"
41,"magnificent","必考词"
42,"maintain","必考词"
43,"maintenance","必考词"
44,"major","必考词"
45,"majority","必考词"
46,"make","必考词"
47,"theme","必考词"
48,"theory","必考词"
49,"theoretical","必考词"
50,"therapy","必考词"
51,"qualification","必考词"
52,"qualify","必考词"
53,"quality","必考词"
54,"qualitative","必考词"
55,"safeguard","必考词"
56,"safety","必考词"
57,"savage","必考词"
58,"save","必考词"
59,"saving","必考词"
60,"scale","必考词"
61,"scene","必考词"
62,"scenery","必考词"
63,"pace","必考词"
64,"panel","必考词"
65,"panorama","必考词"
66,"prove","必考词"
67,"provide","必考词"
68,"provided","必考词"
69,"mediate","必考词"
70,"meditation","必考词"
71,"medium","必考词"
72,"media","必考词"
73,"elaborate","必考词"
74,"elegant","必考词"
75,"element","必考词"
76,"elementary","必考词"
77,"eliminate","必考词"
78,"abolish","必考词"
79,"absence","必考词"
80,"absent","必考词"
81,"abroad","必考词"
82,"absolute","必考词"
83,"absorb","必考词"
84,"abstract","必考词"
85,"ban","必考词"
86,"bar","必考词"
87,"bare","必考词"
88,"barely","必考词"
89,"bargain","必考词"
90,"capable","必考词"
91,"capacity","必考词"
92,"capital","必考词"
93,"captive","必考词"
94,"capture","必考词"
95,"career","必考词"
96,"careful","必考词"
97,"case","必考词"
98,"cast","必考词"
99,"casual","必考词"
100,"casualty","必考词"
101,"catch","必考词"
102,"category","必考词"
103,"cater","必考词"
104,"cause","必考词"
105,"caution","必考词"
106,"cautious","必考词"
107,"cease","必考词"
108,"celebrate","必考词"
109,"celebrity","必考词"
110,"ceremony","必考词"
111,"certain","必考词"
112,"certainty","必考词"
113,"certificate","必考词"
114,"certify","必考词"
115,"decline","必考词"
116,"decrease","必考词"
117,"decree","必考词"
118,"deem","必考词"
119,"dedicate","必考词"
120,"deduce","必考词"
121,"deduct","必考词"
122,"fashion","必考词"
123,"fashionable","必考词"
124,"favour","必考词"
125,"favourable","必考词"
126,"favourite","必考词"
127,"sit","必考词"
128,"site","必考词"
129,"situate","必考词"
130,"situation","必考词"
131,"skeleton","必考词"
132,"skeptical","必考词"
133,"sketch","必考词"
134,"embrace","必考词"
135,"embed","必考词"
136,"embody","必考词"
137,"embryo","必考词"
138,"elicit","必考词"
139,"elite","必考词"
140,"elsewhere","必考词"
141,"thirst","必考词"
142,"thorough","必考词"
143,"though","必考词"
144,"thought","必考词"
145,"thoughtful","必考词"
146,"threat","必考词"
147,"threaten","必考词"
148,"update","必考词"
149,"upgrade","必考词"
150,"uphold","必考词"
151,"upset","必考词"
152,"up-to-date","必考词"
153,"ventilate","必考词"
154,"venture","必考词"
155,"widespread","必考词"
156,"win","必考词"
157,"wit","必考词"
158,"withdraw","必考词"
159,"witness","必考词"
160,"inaugurate","必考词"
161,"incentive","必考词"
162,"incidence","必考词"
163,"incident","必考词"
164,"incidentally","必考词"
165,"incline","必考词"
166,"academic","必考词"
167,"academy","必考词"
168,"accelerate","必考词"
169,"accept","必考词"
170,"acceptance","必考词"
171,"access","必考词"
172,"accessory","必考词"
173,"begin","必考词"
174,"beginning","必考词"
175,"behalf","必考词"
176,"behave","必考词"
177,"behaviour","必考词"
178,"belief","必考词"
179,"believe","必考词"
180,"belong","必考词"
181,"beneficial","必考词"
182,"benefit","必考词"
183,"benevolent","必考词"
184,"benign","必考词"
185,"challenge","必考词"
186,"chance","必考词"
187,"change","必考词"
188,"channel","必考词"
189,"character","必考词"
190,"characterise","必考词"
191,"characteristic","必考词"
192,"defend","必考词"
193,"define","必考词"
194,"definite","必考词"
195,"definition","必考词"
196,"defy","必考词"
197,"degree","必考词"
198,"delay","必考词"
199,"deliberate","必考词"
200,"delicate","必考词"
201,"deliver","必考词"
202,"delivery","必考词"
203,"fiction","必考词"
204,"field","必考词"
205,"fierce","必考词"
206,"fight","必考词"
207,"figure","必考词"
208,"finance","必考词"
209,"financial","必考词"
210,"finding","必考词"
211,"finite","必考词"
212,"firm","必考词"
213,"first","必考词"
214,"fit","必考词"
215,"global","必考词"
216,"globe","必考词"
217,"abandon","必考词"
218,"abide","必考词"
219,"ability","必考词"
220,"able","必考词"
221,"abnormal","必考词"
222,"background","必考词"
223,"balance","必考词"
224,"base","必考词"
225,"basement","必考词"
226,"basic","必考词"
227,"basis","必考词"
228,"calculate","必考词"
229,"call","必考词"
230,"calm","必考词"
231,"campaign","必考词"
232,"candidate","必考词"
233,"data","必考词"
234,"database","必考词"
235,"date","必考词"
236,"dazzle","必考词"
237,"deal","必考词"
238,"dealer","必考词"
239,"debate","必考词"
240,"decade","必考词"
241,"decide","必考词"
242,"decision","必考词"
243,"decisive","必考词"
244,"decorate","必考词"
245,"economic","必考词"
246,"economical","必考词"
247,"economics","必考词"
248,"economy","必考词"
249,"educate","必考词"
250,"education","必考词"
251,"effect","必考词"
252,"effective","必考词"
253,"efficient","必考词"
254,"efficiency","必考词"
255,"effort","必考词"
256,"fabric","必考词"
257,"fabricate","必考词"
258,"face","必考词"
259,"facet","必考词"
260,"factor","必考词"
261,"fade","必考词"
262,"fail","必考词"
263,"failure","必考词"
264,"fair","必考词"
265,"fairly","必考词"
266,"fall","必考词"
267,"fan","必考词"
268,"fancy","必考词"
269,"fascinate","必考词"
270,"gain","必考词"
271,"gamble","必考词"
272,"gap","必考词"
273,"gene","必考词"
274,"general","必考词"
275,"generalize","必考词"
276,"habit","必考词"
277,"habitat","必考词"
278,"hamper","必考词"
279,"handicap","必考词"
280,"shield","必考词"
281,"shift","必考词"
282,"shoulder","必考词"
283,"show","必考词"
284,"shower","必考词"
285,"glamour","必考词"
286,"generate","必考词"
287,"generation","必考词"
288,"generator","必考词"
289,"generous","必考词"
290,"genius","必考词"
291,"gift","必考词"
292,"genre","必考词"
293,"giant","必考词"
294,"gigantic","必考词"
295,"give","必考词"
296,"happen","必考词"
297,"harm","必考词"
298,"harmony","必考词"
299,"harsh","必考词"
300,"ignorance","必考词"
301,"ignorant","必考词"
302,"ignore","必考词"
303,"ill","必考词"
304,"illness","必考词"
305,"illusion","必考词"
306,"illustrate","必考词"
307,"illustration","必考词"
308,"image","必考词"
309,"imagine","必考词"
310,"imaginary","必考词"
311,"imagination","必考词"
312,"imaginative","必考词"
313,"imitate","必考词"
314,"imitation","必考词"
315,"lead","必考词"
316,"leadership","必考词"
317,"leading","必考词"
318,"legal","必考词"
319,"legislation","必考词"
320,"legitimate","必考词"
321,"leisure","必考词"
322,"level","必考词"
323,"lever","必考词"
324,"levy","必考词"
325,"manage","必考词"
326,"management","必考词"
327,"mandate","必考词"
328,"manifest","必考词"
329,"manipulate","必考词"
330,"manner","必考词"
331,"margin","必考词"
332,"marginal","必考词"
333,"mass","必考词"
334,"massive","必考词"
335,"massacre","必考词"
336,"occupation","必考词"
337,"occupy","必考词"
338,"occur","必考词"
339,"occurrence","必考词"
340,"offend","必考词"
341,"offer","必考词"
342,"offset","必考词"
343,"offspring","必考词"
344,"paragraph","必考词"
345,"paralyse","必考词"
346,"parallel","必考词"
347,"part","必考词"
348,"partial","必考词"
349,"participant","必考词"
350,"participate","必考词"
351,"particle","必考词"
352,"particular","必考词"
353,"partly","必考词"
354,"partner","必考词"
355,"passion","必考词"
356,"passive","必考词"
357,"quick","必考词"
358,"quit","必考词"
359,"quest","必考词"
360,"questionnaire","必考词"
361,"quote","必考词"
362,"span","必考词"
363,"spare","必考词"
364,"schedule","必考词"
365,"scheme","必考词"
366,"science","必考词"
367,"scientific","必考词"
368,"scientist","必考词"
369,"patch","必考词"
370,"patent","必考词"
371,"pattern","必考词"
372,"pay","必考词"
373,"payment","必考词"
374,"peculiar","必考词"
375,"peer","必考词"
376,"per","必考词"
377,"perceive","必考词"
378,"percentage","必考词"
379,"perfect","必考词"
380,"rail","必考词"
381,"railway","必考词"
382,"raise","必考词"
383,"rally","必考词"
384,"random","必考词"
385,"range","必考词"
386,"rank","必考词"
387,"master","必考词"
388,"masterpiece","必考词"
389,"mate","必考词"
390,"material","必考词"
391,"mathematical","必考词"
392,"mature","必考词"
393,"maximum","必考词"
394,"mean","必考词"
395,"meaning","必考词"
396,"means","必考词"
397,"meantime","必考词"
398,"meanwhile","必考词"
399,"measure","必考词"
400,"opening","必考词"
401,"opera","必考词"
402,"operate","必考词"
403,"operation","必考词"
404,"operational","必考词"
405,"operator","必考词"
406,"opinion","必考词"
407,"opportunity","必考词"
408,"opponent","必考词"
409,"oppose","必考词"
410,"opposite","必考词"
411,"oppress","必考词"
412,"scope","必考词"
413,"score","必考词"
414,"scorn","必考词"
415,"secure","必考词"
416,"security","必考词"
417,"see","必考词"
418,"seek","必考词"
419,"seem","必考词"
420,"seemingly","必考词"
421,"thrift","必考词"
422,"thrill","必考词"
423,"thrive","必考词"
424,"through","必考词"
425,"throughout","必考词"
426,"tip","必考词"
427,"title","必考词"
428,"urban","必考词"
429,"urge","必考词"
430,"urgent","必考词"
431,"utilize","必考词"
432,"utter","必考词"
433,"wonder","必考词"
434,"worship","必考词"
435,"worth","必考词"
436,"worthwhile","必考词"
437,"worthy","必考词"
438,"write","必考词"
439,"writer","必考词"
440,"tow","必考词"
441,"towards","必考词"
442,"take","必考词"
443,"talent","必考词"
444,"target","必考词"
445,"taste","必考词"
446,"technical","必考词"
447,"technician","必考词"
448,"technique","必考词"
449,"technology","必考词"
450,"teenager","必考词"
451,"temper","必考词"
452,"temperature","必考词"
453,"temporal","必考词"
454,"temporary","必考词"
455,"tempt","必考词"
456,"temptation","必考词"
457,"tend","必考词"
458,"tendency","必考词"
459,"tentative","必考词"
460,"term","必考词"
461,"terminal","必考词"
462,"terminate","必考词"
463,"testify","必考词"
464,"trace","必考词"
465,"track","必考词"
466,"tradition","必考词"
467,"ultimate","必考词"
468,"underestimate","必考词"
469,"undergo","必考词"
470,"underlie","必考词"
471,"underlying","必考词"
472,"underline","必考词"
473,"understand","必考词"
474,"understanding","必考词"
475,"undertake","必考词"
476,"uneasy","必考词"
477,"unemployment","必考词"
478,"unexpected","必考词"
479,"unify","必考词"
480,"union","必考词"
481,"unique","必考词"
482,"universal","必考词"
483,"universe","必考词"
484,"unlike","必考词"
485,"unlikely","必考词"
486,"unusual","必考词"
487,"vague","必考词"
488,"vain","必考词"
489,"valid","必考词"
490,"valuable","必考词"
491,"value","必考词"
492,"vanish","必考词"
493,"variable","必考词"
494,"variance","必考词"
495,"variation","必考词"
496,"variety","必考词"
497,"various","必考词"
498,"vary","必考词"
499,"vast","必考词"
500,"wage","必考词"
501,"wander","必考词"
502,"want","必考词"
503,"way","必考词"
504,"weak","必考词"
505,"wear","必考词"
506,"weary","必考词"
507,"weigh","必考词"
508,"weight","必考词"
509,"weird","必考词"
510,"welfare","必考词"
511,"whirl","必考词"
512,"whisper","必考词"
513,"yield","必考词"
514,"youth","必考词"
515,"zigzag","必考词"
516,"zone","必考词"
517,"zoom","必考词"
518,"key","必考词"
519,"knit","必考词"
520,"brisk","必考词"
521,"brief","必考词"
522,"browse","必考词"
523,"aggravate","必考词"
524,"aggregate","必考词"
525,"aggressive","必考词"
526,"agitate","必考词"
527,"agreeable","必考词"
528,"aid","必考词"
529,"aim","必考词"
530,"alarm","必考词"
531,"alien","必考词"
532,"alienate","必考词"
533,"allocate","必考词"
534,"allow","必考词"
535,"alter","必考词"
536,"alternate","必考词"
537,"alternative","必考词"
538,"comparable","必考词"
539,"comparative","必考词"
540,"compare","必考词"
541,"comparison","必考词"
542,"compel","必考词"
543,"compensate","必考词"
544,"compete","必考词"
545,"competition","必考词"
546,"competitive","必考词"
547,"competent","必考词"
548,"compile","必考词"
549,"complain","必考词"
550,"complaint","必考词"
551,"complement","必考词"
552,"complete","必考词"
553,"complex","必考词"
554,"complicate","必考词"
555,"complicated","必考词"
556,"comply","必考词"
557,"compliment","必考词"
558,"differ","必考词"
559,"difference","必考词"
560,"diffuse","必考词"
561,"emphasis","必考词"
562,"emphasize","必考词"
563,"employ","必考词"
564,"employee","必考词"
565,"employer","必考词"
566,"employment","必考词"
567,"enable","必考词"
568,"encounter","必考词"
569,"encourage","必考词"
570,"end","必考词"
571,"endeavour","必考词"
572,"endorse","必考词"
573,"indicate","必考词"
574,"indication","必考词"
575,"indicative","必考词"
576,"outrage","必考词"
577,"outset","必考词"
578,"outside","必考词"
579,"outward","必考词"
580,"special","必考词"
581,"specialist","必考词"
582,"specialize","必考词"
583,"speciality","必考词"
584,"species","必考词"
585,"specific","必考词"
586,"specification","必考词"
587,"specify","必考词"
588,"speculate","必考词"
589,"acclaim","必考词"
590,"accommodate","必考词"
591,"accommodation","必考词"
592,"accompany","必考词"
593,"accomplish","必考词"
594,"account","必考词"
595,"accountant","必考词"
596,"bias","必考词"
597,"bid","必考词"
598,"bill","必考词"
599,"billion","必考词"
600,"birth","必考词"
601,"charge","必考词"
602,"charm","必考词"
603,"chase","必考词"
604,"demand","必考词"
605,"democracy","必考词"
606,"democratic","必考词"
607,"demographic","必考词"
608,"demonstrate","必考词"
609,"denote","必考词"
610,"denial","必考词"
611,"deny","必考词"
612,"department","必考词"
613,"depend","必考词"
614,"dependent","必考词"
615,"deposit","必考词"
616,"depress","必考词"
617,"emerge","必考词"
618,"emergency","必考词"
619,"eminent","必考词"
620,"emotion","必考词"
621,"fear","必考词"
622,"fearful","必考词"
623,"feature","必考词"
624,"federal","必考词"
625,"federation","必考词"
626,"feed","必考词"
627,"feedback","必考词"
628,"feeling","必考词"
629,"fertile","必考词"
630,"goal","必考词"
631,"goods","必考词"
632,"govern","必考词"
633,"government","必考词"
634,"governor","必考词"
635,"gradual","必考词"
636,"graduate","必考词"
637,"grand","必考词"
638,"grant","必考词"
639,"heap","必考词"
640,"heal","必考词"
641,"health","必考词"
642,"healthy","必考词"
643,"hesitate","必考词"
644,"highlight","必考词"
645,"highly","必考词"
646,"immediate","必考词"
647,"immense","必考词"
648,"immerse","必考词"
649,"immigrant","必考词"
650,"imminent","必考词"
651,"immune","必考词"
652,"likely","必考词"
653,"likelihood","必考词"
654,"likewise","必考词"
655,"self","必考词"
656,"selfish","必考词"
657,"choke","必考词"
658,"chop","必考词"
659,"circumstance","必考词"
660,"cite","必考词"
661,"claim","必考词"
662,"clear","必考词"
663,"border","必考词"
664,"bore","必考词"
665,"born","必考词"
666,"bother","必考词"
667,"acquire","必考词"
668,"acquisition","必考词"
669,"act","必考词"
670,"action","必考词"
671,"activate","必考词"
672,"active","必考词"
673,"activity","必考词"
674,"actual","必考词"
675,"acute","必考词"
676,"despise","必考词"
677,"despite","必考词"
678,"energetic","必考词"
679,"energy","必考词"
680,"enforce","必考词"
681,"engage","必考词"
682,"engagement","必考词"
683,"fold","必考词"
684,"folk","必考词"
685,"follow","必考词"
686,"following","必考词"
687,"force","必考词"
688,"fore","必考词"
689,"forecast","必考词"
690,"foresee","必考词"
691,"forge","必考词"
692,"grim","必考词"
693,"grasp","必考词"
694,"grip","必考词"
695,"gross","必考词"
696,"ground","必考词"
697,"group","必考词"
698,"guarantee","必考词"
699,"guard","必考词"
700,"include","必考词"
701,"inclusive","必考词"
702,"income","必考词"
703,"incorporate","必考词"
704,"increase","必考词"
705,"increasingly","必考词"
706,"incredible","必考词"
707,"incur","必考词"
708,"link","必考词"
709,"list","必考词"
710,"literally","必考词"
711,"literary","必考词"
712,"literature","必考词"
713,"memo","必考词"
714,"memorial","必考词"
715,"memory","必考词"
716,"mental","必考词"
717,"mention","必考词"
718,"mentor","必考词"
719,"other","必考词"
720,"otherwise","必考词"
721,"outcome","必考词"
722,"sign","必考词"
723,"signature","必考词"
724,"signal","必考词"
725,"significance","必考词"
726,"significant","必考词"
727,"signify","必考词"
728,"similar","必考词"
729,"simple","必考词"
730,"simplicity","必考词"
731,"simplify","必考词"
732,"simply","必考词"
733,"slack","必考词"
734,"addict","必考词"
735,"add","必考词"
736,"addition","必考词"
737,"additional","必考词"
738,"address","必考词"
739,"adequate","必考词"
740,"adjust","必考词"
741,"administration","必考词"
742,"admire","必考词"
743,"admission","必考词"
744,"admit","必考词"
745,"adapt","必考词"
746,"adopt","必考词"
747,"adult","必考词"
748,"brace","必考词"
749,"brain","必考词"
750,"branch","必考词"
751,"brand","必考词"
752,"toss","必考词"
753,"total","必考词"
754,"touch","必考词"
755,"tough","必考词"
756,"treat","必考词"
757,"treaty","必考词"
758,"trend","必考词"
759,"vice","必考词"
760,"vicious","必考词"
761,"victim","必考词"
762,"click","必考词"
763,"client","必考词"
764,"cling","必考词"
765,"close","必考词"
766,"closet","必考词"
767,"code","必考词"
768,"personal","必考词"
769,"personality","必考词"
770,"personnel","必考词"
771,"form","必考词"
772,"formal","必考词"
773,"format","必考词"
774,"formation","必考词"
775,"former","必考词"
776,"formidable","必考词"
777,"formula","必考词"
778,"formulate","必考词"
779,"fortunate","必考词"
780,"fortune","必考词"
781,"guide","必考词"
782,"guidance","必考词"
783,"guideline","必考词"
784,"guild","必考词"
785,"guilt","必考词"
786,"guilty","必考词"
787,"recognition","必考词"
788,"recognize","必考词"
789,"recommend","必考词"
790,"recover","必考词"
791,"recovery","必考词"
792,"recruit","必考词"
793,"sell","必考词"
794,"send","必考词"
795,"senior","必考词"
796,"smart","必考词"
797,"smell","必考词"
798,"soak","必考词"
799,"soar","必考词"
800,"sociable","必考词"
801,"social","必考词"
802,"socialism","必考词"
803,"society","必考词"
804,"sociology","必考词"
805,"soluble","必考词"
806,"solution","必考词"
807,"solve","必考词"
808,"detach","必考词"
809,"detail","必考词"
810,"detain","必考词"
811,"shadow","必考词"
812,"shade","必考词"
813,"sort","必考词"
814,"soul","必考词"
815,"sound","必考词"
816,"sour","必考词"
817,"source","必考词"
818,"advance","必考词"
819,"advanced","必考词"
820,"advantage","必考词"
821,"advice","必考词"
822,"advise","必考词"
823,"advisable","必考词"
824,"advocate","必考词"
825,"aesthetic","必考词"
826,"affair","必考词"
827,"affect","必考词"
828,"affection","必考词"
829,"affiliate","必考词"
830,"affirm","必考词"
831,"afford","必考词"
832,"breach","必考词"
833,"break","必考词"
834,"breakdown","必考词"
835,"breed","必考词"
836,"brevity","必考词"
837,"coincide","必考词"
838,"collapse","必考词"
839,"colleague","必考词"
840,"collect","必考词"
841,"collection","必考词"
842,"collective","必考词"
843,"collide","必考词"
844,"column","必考词"
845,"combat","必考词"
846,"combine","必考词"
847,"command","必考词"
848,"commend","必考词"
849,"comment","必考词"
850,"commerce","必考词"
851,"commercial","必考词"
852,"commission","必考词"
853,"commit","必考词"
854,"committee","必考词"
855,"commodity","必考词"
856,"common","必考词"
857,"communicate","必考词"
858,"communication","必考词"
859,"communism","必考词"
860,"community","必考词"
861,"detect","必考词"
862,"deter","必考词"
863,"deteriorate","必考词"
864,"determine","必考词"
865,"develop","必考词"
866,"device","必考词"
867,"devise","必考词"
868,"ensure","必考词"
869,"entail","必考词"
870,"indeed","必考词"
871,"independence","必考词"
872,"independent","必考词"
873,"index","必考词"
874,"mere","必考词"
875,"merely","必考词"
876,"plausible","必考词"
877,"plea","必考词"
878,"plead","必考词"
879,"plot","必考词"
880,"policy","必考词"
881,"polite","必考词"
882,"political","必考词"
883,"politician","必考词"
884,"politics","必考词"
885,"poll","必考词"
886,"ponder","必考词"
887,"beam","必考词"
888,"become","必考词"
889,"deprive","必考词"
890,"derive","必考词"
891,"describe","必考词"
892,"description","必考词"
893,"deserve","必考词"
894,"design","必考词"
895,"designate","必考词"
896,"desirable","必考词"
897,"desire","必考词"
898,"flaw","必考词"
899,"flexible","必考词"
900,"fling","必考词"
901,"flourish","必考词"
902,"grow","必考词"
903,"grown-up","必考词"
904,"growth","必考词"
905,"hinder","必考词"
906,"hint","必考词"
907,"hitherto","必考词"
908,"impact","必考词"
909,"impair","必考词"
910,"impart","必考词"
911,"implement","必考词"
912,"implication","必考词"
913,"implicit","必考词"
914,"imply","必考词"
915,"import","必考词"
916,"importance","必考词"
917,"important","必考词"
918,"impose","必考词"
919,"impress","必考词"
920,"impression","必考词"
921,"impressive","必考词"
922,"improve","必考词"
923,"impulse","必考词"
924,"limit","必考词"
925,"limitation","必考词"
926,"limited","必考词"
927,"origin","必考词"
928,"original","必考词"
929,"originate","必考词"
930,"petition","必考词"
931,"phase","必考词"
932,"phenomenon","必考词"
933,"philosopher","必考词"
934,"philosophy","必考词"
935,"phrase","必考词"
936,"physical","必考词"
937,"physician","必考词"
938,"pierce","必考词"
939,"corporate","必考词"
940,"corporation","必考词"
941,"reason","必考词"
942,"reasonable","必考词"
943,"recent","必考词"
944,"serve","必考词"
945,"servant","必考词"
946,"service","必考词"
947,"set","必考词"
948,"setback","必考词"
949,"setting","必考词"
950,"settle","必考词"
951,"settlement","必考词"
952,"several","必考词"
953,"severe","必考词"
954,"shape","必考词"
955,"share","必考词"
956,"sharp","必考词"
957,"shelter","必考词"
958,"sophisticated","必考词"
959,"sovereign","必考词"
960,"sow","必考词"
961,"toll","必考词"
962,"tone","必考词"
963,"topic","必考词"
964,"perform","必考词"
965,"performance","必考词"
966,"period","必考词"
967,"periodical","必考词"
968,"perish","必考词"
969,"perpetual","必考词"
970,"perplex","必考词"
971,"perspective","必考词"
972,"pessimistic","必考词"
973,"optimistic","必考词"
974,"optimum","必考词"
975,"option","必考词"
976,"optional","必考词"
977,"organ","必考词"
978,"organic","必考词"
979,"organism","必考词"
980,"organization","必考词"
981,"organize","必考词"
982,"enhance","必考词"
983,"enlarge","必考词"
984,"enlighten","必考词"
985,"rake","必考词"
986,"rare","必考词"
987,"rarely","必考词"
988,"rate","必考词"
989,"ratio","必考词"
990,"rational","必考词"
991,"reach","必考词"
992,"react","必考词"
993,"realistic","必考词"
994,"reality","必考词"
995,"realize","必考词"
996,"select","必考词"
997,"selection","必考词"
998,"sense","必考词"
999,"sensation","必考词"
1000,"sensible","必考词"
1001,"sensitive","必考词"
1002,"separate","必考词"
1003,"sequence","必考词"
1004,"serial","必考词"
1005,"series","必考词"
1006,"serious","必考词"
1007,"toast","必考词"
1008,"together","必考词"
1009,"token","必考词"
1010,"tolerance","必考词"
1011,"tolerant","必考词"
1012,"tolerate","必考词"
1013,"accumulate","必考词"
1014,"accuracy","必考词"
1015,"accurate","必考词"
1016,"accuse","必考词"
1017,"achieve","必考词"
1018,"acknowledge","必考词"
1019,"cheer","必考词"
1020,"chemical","必考词"
1021,"cherish","必考词"
1022,"chip","必考词"
1023,"choice","必考词"
1024,"choose","必考词"
1025,"board","必考词"
1026,"boast","必考词"
1027,"bonus","必考词"
1028,"boom","必考词"
1029,"boost","必考词"
1030,"verbal","必考词"
1031,"verdict","必考词"
1032,"verify","必考词"
1033,"verse","必考词"
1034,"version","必考词"
1035,"vessel","必考词"
1036,"holy","必考词"
1037,"honour","必考词"
1038,"honourable","必考词"
1039,"horizon","必考词"
1040,"horizontal","必考词"
1041,"ingenious","必考词"
1042,"ingredient","必考词"
1043,"initial","必考词"
1044,"initiate","必考词"
1045,"initiative","必考词"
1046,"local","必考词"
1047,"locality","必考词"
1048,"locate","必考词"
1049,"location","必考词"
1050,"neglect","必考词"
1051,"negligible","必考词"
1052,"prescribe","必考词"
1053,"prescription","必考词"
1054,"presence","必考词"
1055,"present","必考词"
1056,"presently","必考词"
1057,"preserve","必考词"
1058,"preside","必考词"
1059,"press","必考词"
1060,"pressure","必考词"
1061,"prestige","必考词"
1062,"presumably","必考词"
1063,"presume","必考词"
1064,"prevent","必考词"
1065,"previous","必考词"
1066,"prey","必考词"
1067,"reliable","必考词"
1068,"reliance","必考词"
1069,"religion","必考词"
1070,"religious","必考词"
1071,"rely","必考词"
1072,"straight","必考词"
1073,"straightforward","必考词"
1074,"strain","必考词"
1075,"strategy","必考词"
1076,"strength","必考词"
1077,"strengthen","必考词"
1078,"strenuous","必考词"
1079,"transaction","必考词"
1080,"transfer","必考词"
1081,"transform","必考词"
1082,"transient","必考词"
1083,"translation","必考词"
1084,"architect","必考词"
1085,"architecture","必考词"
1086,"archive","必考词"
1087,"area","必考词"
1088,"arena","必考词"
1089,"argue","必考词"
1090,"argument","必考词"
1091,"arise","必考词"
1092,"arouse","必考词"
1093,"array","必考词"
1094,"visible","必考词"
1095,"vision","必考词"
1096,"visual","必考词"
1097,"vital","必考词"
1098,"vivid","必考词"
1099,"void","必考词"
1100,"volume","必考词"
1101,"consequence","必考词"
1102,"consequently","必考词"
1103,"conservation","必考词"
1104,"conservative","必考词"
1105,"consider","必考词"
1106,"considerable","必考词"
1107,"considerate","必考词"
1108,"consume","必考词"
1109,"consumption","必考词"
1110,"dispute","必考词"
1111,"dissolve","必考词"
1112,"exchange","必考词"
1113,"exclude","必考词"
1114,"exclusive","必考词"
1115,"confine","必考词"
1116,"confirm","必考词"
1117,"conflict","必考词"
1118,"confidence","必考词"
1119,"confident","必考词"
1120,"confidential","必考词"
1121,"configuration","必考词"
1122,"trail","必考词"
1123,"train","必考词"
1124,"training","必考词"
1125,"trait","必考词"
1126,"view","必考词"
1127,"viewpoint","必考词"
1128,"violence","必考词"
1129,"violent","必考词"
1130,"virtual","必考词"
1131,"virtue","必考词"
1132,"apparent","必考词"
1133,"appeal","必考词"
1134,"appear","必考词"
1135,"appearance","必考词"
1136,"appliance","必考词"
1137,"applicable","必考词"
1138,"application","必考词"
1139,"appoint","必考词"
1140,"appointment","必考词"
1141,"apply","必考词"
1142,"appreciate","必考词"
1143,"discriminate","必考词"
1144,"discuss","必考词"
1145,"disease","必考词"
1146,"escape","必考词"
1147,"especially","必考词"
1148,"essay","必考词"
1149,"essence","必考词"
1150,"essential","必考词"
1151,"establish","必考词"
1152,"estimate","必考词"
1153,"ethic","必考词"
1154,"ethnic","必考词"
1155,"evaluate","必考词"
1156,"industrial","必考词"
1157,"industrialize","必考词"
1158,"industry","必考词"
1159,"inevitable","必考词"
1160,"miserable","必考词"
1161,"misery","必考词"
1162,"mislead","必考词"
1163,"mix","必考词"
1164,"mixture","必考词"
1165,"necessary","必考词"
1166,"necessitate","必考词"
1167,"necessity","必考词"
1168,"negative","必考词"
1169,"negotiate","必考词"
1170,"outer","必考词"
1171,"outlet","必考词"
1172,"outline","必考词"
1173,"outlook","必考词"
1174,"output","必考词"
1175,"poverty","必考词"
1176,"power","必考词"
1177,"practical","必考词"
1178,"practice","必考词"
1179,"practise","必考词"
1180,"practitioner","必考词"
1181,"preach","必考词"
1182,"precede","必考词"
1183,"precaution","必考词"
1184,"precedent","必考词"
1185,"preceding","必考词"
1186,"precious","必考词"
1187,"precise","必考词"
1188,"precision","必考词"
1189,"stress","必考词"
1190,"stretch","必考词"
1191,"remote","必考词"
1192,"remove","必考词"
1193,"removal","必考词"
1194,"remain","必考词"
1195,"remainder","必考词"
1196,"remains","必考词"
1197,"remedy","必考词"
1198,"remember","必考词"
1199,"remind","必考词"
1200,"render","必考词"
1201,"contemporary","必考词"
1202,"contempt","必考词"
1203,"content","必考词"
1204,"contend","必考词"
1205,"contest","必考词"
1206,"context","必考词"
1207,"contract","必考词"
1208,"contradict","必考词"
1209,"contrary","必考词"
1210,"contrast","必考词"
1211,"diverse","必考词"
1212,"diversion","必考词"
1213,"divert","必考词"
1214,"divide","必考词"
1215,"dividend","必考词"
1216,"division","必考词"
1217,"document","必考词"
1218,"documentary","必考词"
1219,"execute","必考词"
1220,"executive","必考词"
1221,"exemplify","必考词"
1222,"exert","必考词"
1223,"exhaust","必考词"
1224,"exist","必考词"
1225,"existence","必考词"
1226,"exotic","必考词"
1227,"moral","必考词"
1228,"morality","必考词"
1229,"moreover","必考词"
1230,"mostly","必考词"
1231,"prior","必考词"
1232,"priority","必考词"
1233,"privacy","必考词"
1234,"private","必考词"
1235,"privilege","必考词"
1236,"prudent","必考词"
1237,"submit","必考词"
1238,"subordinate","必考词"
1239,"subscribe","必考词"
1240,"subsequent","必考词"
1241,"substance","必考词"
1242,"substantial","必考词"
1243,"substitute","必考词"
1244,"subtle","必考词"
1245,"associate","必考词"
1246,"association","必考词"
1247,"amend","必考词"
1248,"among","必考词"
1249,"amount","必考词"
1250,"ample","必考词"
1251,"amuse","必考词"
1252,"stick","必考词"
1253,"stimulate","必考词"
1254,"stir","必考词"
1255,"stipulate","必考词"
1256,"infer","必考词"
1257,"inference","必考词"
1258,"inferior","必考词"
1259,"influence","必考词"
1260,"influential","必考词"
1261,"inform","必考词"
1262,"information","必考词"
1263,"approach","必考词"
1264,"appropriate","必考词"
1265,"approval","必考词"
1266,"approve","必考词"
1267,"apt","必考词"
1268,"conform","必考词"
1269,"confront","必考词"
1270,"confuse","必考词"
1271,"confusion","必考词"
1272,"congress","必考词"
1273,"connect","必考词"
1274,"connection","必考词"
1275,"conscious","必考词"
1276,"continual","必考词"
1277,"continue","必考词"
1278,"continuous","必考词"
1279,"dismiss","必考词"
1280,"disorder","必考词"
1281,"disperse","必考词"
1282,"displace","必考词"
1283,"display","必考词"
1284,"distribute","必考词"
1285,"distort","必考词"
1286,"distract","必考词"
1287,"evolution","必考词"
1288,"evolve","必考词"
1289,"exaggerate","必考词"
1290,"examine","必考词"
1291,"mock","必考词"
1292,"mode","必考词"
1293,"model","必考词"
1294,"moderate","必考词"
1295,"modern","必考词"
1296,"modernization","必考词"
1297,"modest","必考词"
1298,"modify","必考词"
1299,"predecessor","必考词"
1300,"predict","必考词"
1301,"preface","必考词"
1302,"preferable","必考词"
1303,"preference","必考词"
1304,"prejudice","必考词"
1305,"preliminary","必考词"
1306,"premier","必考词"
1307,"premise","必考词"
1308,"premium","必考词"
1309,"preparation","必考词"
1310,"reflect","必考词"
1311,"reflection","必考词"
1312,"reform","必考词"
1313,"reject","必考词"
1314,"rejoice","必考词"
1315,"relate","必考词"
1316,"relation","必考词"
1317,"relationship","必考词"
1318,"relative","必考词"
1319,"relativity","必考词"
1320,"relevant","必考词"
1321,"overlook","必考词"
1322,"overseas","必考词"
1323,"stand","必考词"
1324,"standard","必考词"
1325,"standpoint","必考词"
1326,"stance","必考词"
1327,"start","必考词"
1328,"startle","必考词"
1329,"starve","必考词"
1330,"state","必考词"
1331,"statement","必考词"
1332,"statesman","必考词"
1333,"statistics","必考词"
1334,"statue","必考词"
1335,"status","必考词"
1336,"statute","必考词"
1337,"stay","必考词"
1338,"steady","必考词"
1339,"steer","必考词"
1340,"stem","必考词"
1341,"step","必考词"
1342,"stern","必考词"
1343,"anonymous","必考词"
1344,"answer","必考词"
1345,"anticipate","必考词"
1346,"anxiety","必考词"
1347,"anxious","必考词"
1348,"apart","必考词"
1349,"assassinate","必考词"
1350,"assault","必考词"
1351,"assemble","必考词"
1352,"assembly","必考词"
1353,"assert","必考词"
1354,"component","必考词"
1355,"compose","必考词"
1356,"composition","必考词"
1357,"comprehend","必考词"
1358,"comprehension","必考词"
1359,"comprehensive","必考词"
1360,"condemn","必考词"
1361,"condense","必考词"
1362,"condition","必考词"
1363,"conduct","必考词"
1364,"conductor","必考词"
1365,"disable","必考词"
1366,"disappear","必考词"
1367,"disappoint","必考词"
1368,"discipline","必考词"
1369,"disclose","必考词"
1370,"discover","必考词"
1371,"discovery","必考词"
1372,"hoist","必考词"
1373,"hold","必考词"
1374,"holder","必考词"
1375,"household","必考词"
1376,"however","必考词"
1377,"huddle","必考词"
1378,"narrative","必考词"
1379,"narrow","必考词"
1380,"nasty","必考词"
1381,"nation","必考词"
1382,"national","必考词"
1383,"nationality","必考词"
1384,"native","必考词"
1385,"natural","必考词"
1386,"nature","必考词"
1387,"overall","必考词"
1388,"overcome","必考词"
1389,"overlap","必考词"
1390,"portion","必考词"
1391,"possibility","必考词"
1392,"possible","必考词"
1393,"potential","必考词"
1394,"pour","必考词"
1395,"console","必考词"
1396,"consist","必考词"
1397,"consistent","必考词"
1398,"constant","必考词"
1399,"constituent","必考词"
1400,"constitute","必考词"
1401,"constitution","必考词"
1402,"constrain","必考词"
1403,"construct","必考词"
1404,"distinct","必考词"
1405,"distinction","必考词"
1406,"distinguish","必考词"
1407,"fruitful","必考词"
1408,"frustrate","必考词"
1409,"fulfill","必考词"
1410,"function","必考词"
1411,"fund","必考词"
1412,"fundamental","必考词"
1413,"evidence","必考词"
1414,"evident","必考词"
1415,"evil","必考词"
1416,"environment","必考词"
1417,"enterprise","必考词"
1418,"entertain","必考词"
1419,"entertainment","必考词"
1420,"monopoly","必考词"
1421,"monotonous","必考词"
1422,"mood","必考词"
1423,"transmission","必考词"
1424,"transmit","必考词"
1425,"transplant","必考词"
1426,"transport","必考词"
1427,"stock","必考词"
1428,"store","必考词"
1429,"storage","必考词"
1430,"stride","必考词"
1431,"strike","必考词"
1432,"striking","必考词"
1433,"string","必考词"
1434,"structure","必考词"
1435,"stun","必考词"
1436,"primary","必考词"
1437,"prime","必考词"
1438,"primitive","必考词"
1439,"principal","必考词"
1440,"principle","必考词"
1441,"psychiatry","必考词"
1442,"psychology","必考词"
1443,"liability","必考词"
1444,"liable","必考词"
1445,"liberal","必考词"
1446,"liberate","必考词"
1447,"license","必考词"
1448,"innocent","必考词"
1449,"innovation","必考词"
1450,"anguish","必考词"
1451,"annoy","必考词"
1452,"annual","必考词"
1453,"anchor","必考词"
1454,"pose","必考词"
1455,"position","必考词"
1456,"positive","必考词"
1457,"possess","必考词"
1458,"possession","必考词"
1459,"dilute","必考词"
1460,"dim","必考词"
1461,"diminish","必考词"
1462,"amateur","必考词"
1463,"amaze","必考词"
1464,"ambiguous","必考词"
1465,"ambition","必考词"
1466,"ambitious","必考词"
1467,"bubble","必考词"
1468,"budget","必考词"
1469,"build","必考词"
1470,"business","必考词"
1471,"compress","必考词"
1472,"comprise","必考词"
1473,"compromise","必考词"
1474,"conceive","必考词"
1475,"concentrate","必考词"
1476,"concept","必考词"
1477,"conception","必考词"
1478,"concern","必考词"
1479,"concise","必考词"
1480,"concrete","必考词"
1481,"conclude","必考词"
1482,"conclusion","必考词"
1483,"concurrent","必考词"
1484,"confer","必考词"
1485,"conference","必考词"
1486,"confess","必考词"
1487,"epic","必考词"
1488,"epidemic","必考词"
1489,"episode","必考词"
1490,"epoch","必考词"
1491,"indifferent","必考词"
1492,"indignant","必考词"
1493,"indignation","必考词"
1494,"indispensable","必考词"
1495,"individual","必考词"
1496,"mess","必考词"
1497,"message","必考词"
1498,"messenger","必考词"
1499,"method","必考词"
1500,"militant","必考词"
1501,"military","必考词"
1502,"mind","必考词"
1503,"redeem","必考词"
1504,"reduce","必考词"
1505,"reduction","必考词"
1506,"refer","必考词"
1507,"reference","必考词"
1508,"subject","必考词"
1509,"subjective","必考词"
1510,"spoil","必考词"
1511,"sponsor","必考词"
1512,"spread","必考词"
1513,"spur","必考词"
1514,"spy","必考词"
1515,"stability","必考词"
1516,"stable","必考词"
1517,"staff","必考词"
1518,"stage","必考词"
1519,"twist","必考词"
1520,"trivial","必考词"
1521,"try","必考词"
1522,"tumble","必考词"
1523,"turbulent","必考词"
1524,"turn","必考词"
1525,"turnover","必考词"
1526,"type","必考词"
1527,"typical","必考词"
1528,"voluntary","必考词"
1529,"volunteer","必考词"
1530,"vote","必考词"
1531,"vulgar","必考词"
1532,"vulnerable","必考词"
1533,"author","必考词"
1534,"authority","必考词"
1535,"auxiliary","必考词"
1536,"avail","必考词"
1537,"available","必考词"
1538,"critic","必考词"
1539,"critical","必考词"
1540,"criticism","必考词"
1541,"criticize","必考词"
1542,"crucial","必考词"
1543,"culminate","必考词"
1544,"culprit","必考词"
1545,"cultivate","必考词"
1546,"culture","必考词"
1547,"dual","必考词"
1548,"dubious","必考词"
1549,"due","必考词"
1550,"durable","必考词"
1551,"duration","必考词"
1552,"duty","必考词"
1553,"dynamic","必考词"
1554,"extinct","必考词"
1555,"extinguish","必考词"
1556,"introduce","必考词"
1557,"introduction","必考词"
1558,"invest","必考词"
1559,"investment","必考词"
1560,"investigate","必考词"
1561,"mutual","必考词"
1562,"mysterious","必考词"
1563,"mystery","必考词"
1564,"myth","必考词"
1565,"noble","必考词"
1566,"norm","必考词"
1567,"normal","必考词"
1568,"normalization","必考词"
1569,"note","必考词"
1570,"notion","必考词"
1571,"public","必考词"
1572,"publication","必考词"
1573,"publicity","必考词"
1574,"publish","必考词"
1575,"result","必考词"
1576,"resultant","必考词"
1577,"resume","必考词"
1578,"reveal","必考词"
1579,"revelation","必考词"
1580,"revenge","必考词"
1581,"revenue","必考词"
1582,"supply","必考词"
1583,"support","必考词"
1584,"suppose","必考词"
1585,"suppress","必考词"
1586,"supplement","必考词"
1587,"supreme","必考词"
1588,"system","必考词"
1589,"systematic","必考词"
1590,"logic","必考词"
1591,"logical","必考词"
1592,"rescue","必考词"
1593,"research","必考词"
1594,"resent","必考词"
1595,"refresh","必考词"
1596,"refute","必考词"
1597,"region","必考词"
1598,"regular","必考词"
1599,"regulate","必考词"
1600,"regulation","必考词"
1601,"replace","必考词"
1602,"reply","必考词"
1603,"report","必考词"
1604,"reporter","必考词"
1605,"reputation","必考词"
1606,"request","必考词"
1607,"require","必考词"
1608,"requirement","必考词"
1609,"assess","必考词"
1610,"assimilate","必考词"
1611,"assist","必考词"
1612,"assistance","必考词"
1613,"assistant","必考词"
1614,"assume","必考词"
1615,"assumption","必考词"
1616,"contribute","必考词"
1617,"contribution","必考词"
1618,"controversial","必考词"
1619,"controversy","必考词"
1620,"control","必考词"
1621,"convene","必考词"
1622,"convention","必考词"
1623,"converge","必考词"
1624,"convey","必考词"
1625,"domain","必考词"
1626,"domestic","必考词"
1627,"dominant","必考词"
1628,"dominate","必考词"
1629,"doom","必考词"
1630,"double","必考词"
1631,"doubt","必考词"
1632,"probe","必考词"
1633,"procedure","必考词"
1634,"proceed","必考词"
1635,"proceeding","必考词"
1636,"process","必考词"
1637,"procession","必考词"
1638,"proclaim","必考词"
1639,"produce","必考词"
1640,"product","必考词"
1641,"production","必考词"
1642,"productive","必考词"
1643,"productivity","必考词"
1644,"profession","必考词"
1645,"professional","必考词"
1646,"expand","必考词"
1647,"expansion","必考词"
1648,"expect","必考词"
1649,"expectation","必考词"
1650,"experience","必考词"
1651,"experiment","必考词"
1652,"expert","必考词"
1653,"expertise","必考词"
1654,"expire","必考词"
1655,"instinct","必考词"
1656,"institute","必考词"
1657,"institution","必考词"
1658,"insurance","必考词"
1659,"insure","必考词"
1660,"integral","必考词"
1661,"integrate","必考词"
1662,"integrity","必考词"
1663,"curious","必考词"
1664,"curiosity","必考词"
1665,"currency","必考词"
1666,"current","必考词"
1667,"cut","必考词"
1668,"cumulative","必考词"
1669,"average","必考词"
1670,"avoid","必考词"
1671,"awake","必考词"
1672,"award","必考词"
1673,"aware","必考词"
1674,"awkward","必考词"
1675,"extravagant","必考词"
1676,"extreme","必考词"
1677,"invisible","必考词"
1678,"invoke","必考词"
1679,"involve","必考词"
1680,"issue","必考词"
1681,"item","必考词"
1682,"overturn","必考词"
1683,"overwhelm","必考词"
1684,"purchase","必考词"
1685,"pursue","必考词"
1686,"pursuit","必考词"
1687,"puzzle","必考词"
1688,"reverse","必考词"
1689,"review","必考词"
1690,"revise","必考词"
1691,"revive","必考词"
1692,"reward","必考词"
1693,"rich","必考词"
1694,"rise","必考词"
1695,"risk","必考词"
1696,"rival","必考词"
1697,"role","必考词"
1698,"roll","必考词"
1699,"root","必考词"
1700,"route","必考词"
1701,"routine","必考词"
1702,"row","必考词"
1703,"rule","必考词"
1704,"ruler","必考词"
1705,"surname","必考词"
1706,"surpass","必考词"
1707,"surplus","必考词"
1708,"surprise","必考词"
1709,"survey","必考词"
1710,"surveillance","必考词"
1711,"survival","必考词"
1712,"survive","必考词"
1713,"susceptible","必考词"
1714,"suspend","必考词"
1715,"suspect","必考词"
1716,"suspicion","必考词"
1717,"suspicious","必考词"
1718,"sustain","必考词"
1719,"swarm","必考词"
1720,"swear","必考词"
1721,"swell","必考词"
1722,"swing","必考词"
1723,"switch","必考词"
1724,"project","必考词"
1725,"profit","必考词"
1726,"profitable","必考词"
1727,"profound","必考词"
1728,"program","必考词"
1729,"progressive","必考词"
1730,"prohibit","必考词"
1731,"prolong","必考词"
1732,"prominent","必考词"
1733,"promise","必考词"
1734,"promising","必考词"
1735,"promote","必考词"
1736,"prompt","必考词"
1737,"proof","必考词"
1738,"reservation","必考词"
1739,"reserve","必考词"
1740,"resist","必考词"
1741,"resistance","必考词"
1742,"resistant","必考词"
1743,"resilient","必考词"
1744,"resort","必考词"
1745,"resource","必考词"
1746,"respect","必考词"
1747,"respective","必考词"
1748,"respond","必考词"
1749,"response","必考词"
1750,"responsibility","必考词"
1751,"responsible","必考词"
1752,"succeed","必考词"
1753,"success","必考词"
1754,"successful","必考词"
1755,"succession","必考词"
1756,"successive","必考词"
1757,"successor","必考词"
1758,"suck","必考词"
1759,"sue","必考词"
1760,"suffer","必考词"
1761,"suffice","必考词"
1762,"sufficient","必考词"
1763,"suggest","必考词"
1764,"suggestion","必考词"
1765,"suicide","必考词"
1766,"suit","必考词"
1767,"suitable","必考词"
1768,"super","必考词"
1769,"superb","必考词"
1770,"superficial","必考词"
1771,"superfluous","必考词"
1772,"superior","必考词"
1773,"superiority","必考词"
1774,"supervise","必考词"
1775,"trigger","必考词"
1776,"triumph","必考词"
1777,"assure","必考词"
1778,"assurance","必考词"
1779,"astonish","必考词"
1780,"atmosphere","必考词"
1781,"council","必考词"
1782,"counsel","必考词"
1783,"drama","必考词"
1784,"dramatic","必考词"
1785,"exploit","必考词"
1786,"explore","必考词"
1787,"intellectual","必考词"
1788,"intelligence","必考词"
1789,"intelligent","必考词"
1790,"intelligible","必考词"
1791,"polish","必考词"
1792,"point","必考词"
1793,"propel","必考词"
1794,"proper","必考词"
1795,"property","必考词"
1796,"proportion","必考词"
1797,"proposal","必考词"
1798,"propose","必考词"
1799,"proposition","必考词"
1800,"prospect","必考词"
1801,"prospective","必考词"
1802,"protocol","必考词"
1803,"proximate","必考词"
1804,"restore","必考词"
1805,"restrain","必考词"
1806,"restraint","必考词"
1807,"restrict","必考词"
1808,"attach","必考词"
1809,"attack","必考词"
1810,"attain","必考词"
1811,"attempt","必考词"
1812,"attend","必考词"
1813,"attention","必考词"
1814,"attitude","必考词"
1815,"attribute","必考词"
1816,"court","必考词"
1817,"courtesy","必考词"
1818,"cover","必考词"
1819,"create","必考词"
1820,"creative","必考词"
1821,"credit","必考词"
1822,"crisis","必考词"
1823,"drive","必考词"
1824,"drug","必考词"
1825,"export","必考词"
1826,"expose","必考词"
1827,"exposure","必考词"
1828,"express","必考词"
1829,"expression","必考词"
1830,"extend","必考词"
1831,"extension","必考词"
1832,"extensive","必考词"
1833,"extent","必考词"
1834,"human","必考词"
1835,"humanity","必考词"
1836,"humble","必考词"
1837,"intend","必考词"
1838,"intention","必考词"
1839,"intense","必考词"
1840,"intensity","必考词"
1841,"intensive","必考词"
1842,"interact","必考词"
1843,"intercourse","必考词"
1844,"interest","必考词"
1845,"interior","必考词"
1846,"internal","必考词"
1847,"international","必考词"
1848,"interpret","必考词"
1849,"lose","必考词"
1850,"loss","必考词"
1851,"low","必考词"
1852,"lower","必考词"
1853,"lucrative","必考词"
1854,"nerve","必考词"
1855,"nervous","必考词"
1856,"nevertheless","必考词"
1857,"pioneer","基础词"
1858,"pipe","基础词"
1859,"pirate","基础词"
1860,"pistol","基础词"
1861,"pit","基础词"
1862,"pitch","基础词"
1863,"plagiarism","基础词"
1864,"plague","基础词"
1865,"plain","基础词"
1866,"planet","基础词"
1867,"plant","基础词"
1868,"plantation","基础词"
1869,"lay","基础词"
1870,"layer","基础词"
1871,"layman","基础词"
1872,"layout","基础词"
1873,"marathon","基础词"
1874,"marble","基础词"
1875,"march","基础词"
1876,"marine","基础词"
1877,"marital","基础词"
1878,"married","基础词"
1879,"mark","基础词"
1880,"marvellous","基础词"
1881,"Marxist","基础词"
1882,"mask","基础词"
1883,"naval","基础词"
1884,"navigation","基础词"
1885,"navy","基础词"
1886,"nearby","基础词"
1887,"nearly","基础词"
1888,"neat","基础词"
1889,"necklace","基础词"
1890,"needle","基础词"
1891,"neighbourhood","基础词"
1892,"queer","基础词"
1893,"query","基础词"
1894,"queue","基础词"
1895,"quiver","基础词"
1896,"quiz","基础词"
1897,"quota","基础词"
1898,"recall","基础词"
1899,"recollect","基础词"
1900,"reconcile","基础词"
1901,"recur","基础词"
1902,"recreation","基础词"
1903,"recycle","基础词"
1904,"rectify","基础词"
1905,"redundant","基础词"
1906,"reed","基础词"
1907,"reel","基础词"
1908,"sheer","基础词"
1909,"sheet","基础词"
1910,"shepherd","基础词"
1911,"shrewd","基础词"
1912,"shrink","基础词"
1913,"shut","基础词"
1914,"shutter","基础词"
1915,"shuttle","基础词"
1916,"shy","基础词"
1917,"theatre","基础词"
1918,"theft","基础词"
1919,"thermal","基础词"
1920,"thermometer","基础词"
1921,"thesis","基础词"
1922,"thick","基础词"
1923,"thigh","基础词"
1924,"thorn","基础词"
1925,"thousand","基础词"
1926,"via","基础词"
1927,"viable","基础词"
1928,"vibrate","基础词"
1929,"vicinity","基础词"
1930,"video","基础词"
1931,"violate","基础词"
1932,"shabby","基础词"
1933,"shaft","基础词"
1934,"shake","基础词"
1935,"shallow","基础词"
1936,"shame","基础词"
1937,"shampoo","基础词"
1938,"shatter","基础词"
1939,"shave","基础词"
1940,"shear","基础词"
1941,"shed","基础词"
1942,"terrible","基础词"
1943,"terrific","基础词"
1944,"terrify","基础词"
1945,"territory","基础词"
1946,"terror","基础词"
1947,"textile","基础词"
1948,"texture","基础词"
1949,"wash","基础词"
1950,"waste","基础词"
1951,"watch","基础词"
1952,"ahead","基础词"
1953,"air-","基础词"
1954,"aircraft","基础词"
1955,"aisle","基础词"
1956,"alert","基础词"
1957,"align","基础词"
1958,"alike","基础词"
1959,"alive","基础词"
1960,"algorithm","基础词"
1961,"cheat","基础词"
1962,"cheque","基础词"
1963,"chest","基础词"
1964,"chew","基础词"
1965,"chief","基础词"
1966,"childhood","基础词"
1967,"chill","基础词"
1968,"chorus","基础词"
1969,"chronic","基础词"
1970,"chunk","基础词"
1971,"pin","基础词"
1972,"pinch","基础词"
1973,"pint","基础词"
1974,"delegate","基础词"
1975,"delete","基础词"
1976,"delicious","基础词"
1977,"delight","基础词"
1978,"elect","基础词"
1979,"electric","基础词"
1980,"electrical","基础词"
1981,"electrician","基础词"
1982,"elevate","基础词"
1983,"elevator","基础词"
1984,"eligible","基础词"
1985,"eloquent","基础词"
1986,"embark","基础词"
1987,"embarrass","基础词"
1988,"emigrate","基础词"
1989,"emit","基础词"
1990,"empire","基础词"
1991,"empirical","基础词"
1992,"empty","基础词"
1993,"empathy","基础词"
1994,"fee","基础词"
1995,"feeble","基础词"
1996,"grief","基础词"
1997,"grieve","基础词"
1998,"grin","基础词"
1999,"grind","基础词"
2000,"office","基础词"
2001,"officer","基础词"
2002,"official","基础词"
2003,"beg","基础词"
2004,"behind","基础词"
2005,"being","基础词"
2006,"all","基础词"
2007,"allege","基础词"
2008,"allegiance","基础词"
2009,"alleviate","基础词"
2010,"alliance","基础词"
2011,"allowance","基础词"
2012,"alloy","基础词"
2013,"ally","基础词"
2014,"alone","基础词"
2015,"along","基础词"
2016,"alongside","基础词"
2017,"alphabet","基础词"
2018,"denounce","基础词"
2019,"dense","基础词"
2020,"density","基础词"
2021,"fellow","基础词"
2022,"fellowship","基础词"
2023,"female","基础词"
2024,"feminine","基础词"
2025,"fence","基础词"
2026,"ferry","基础词"
2027,"fetch","基础词"
2028,"feudal","基础词"
2029,"fever","基础词"
2030,"heave","基础词"
2031,"heaven","基础词"
2032,"heavy","基础词"
2033,"indoor","基础词"
2034,"induce","基础词"
2035,"indulge","基础词"
2036,"kin","基础词"
2037,"kindness","基础词"
2038,"king","基础词"
2039,"kingdom","基础词"
2040,"kit","基础词"
2041,"mat","基础词"
2042,"match","基础词"
2043,"may","基础词"
2044,"mayor","基础词"
2045,"nest","基础词"
2046,"net","基础词"
2047,"network","基础词"
2048,"neutral","基础词"
2049,"new","基础词"
2050,"omit","基础词"
2051,"opaque","基础词"
2052,"opt","基础词"
2053,"optical","基础词"
2054,"plaster","基础词"
2055,"plastic","基础词"
2056,"plate","基础词"
2057,"plateau","基础词"
2058,"platform","基础词"
2059,"play","基础词"
2060,"refine","基础词"
2061,"refrain","基础词"
2062,"refuge","基础词"
2063,"refugee","基础词"
2064,"refund","基础词"
2065,"refusal","基础词"
2066,"refuse","基础词"
2067,"circle","基础词"
2068,"circuit","基础词"
2069,"circular","基础词"
2070,"circulate","基础词"
2071,"citizen","基础词"
2072,"civil","基础词"
2073,"civilian","基础词"
2074,"civilize","基础词"
2075,"civilization","基础词"
2076,"goat","基础词"
2077,"gold","基础词"
2078,"golden","基础词"
2079,"grab","基础词"
2080,"grace","基础词"
2081,"graceful","基础词"
2082,"gracious","基础词"
2083,"chat","基础词"
2084,"chain","基础词"
2085,"chair","基础词"
2086,"chairman","基础词"
2087,"chamber","基础词"
2088,"champagne","基础词"
2089,"champion","基础词"
2090,"chancellor","基础词"
2091,"chaos","基础词"
2092,"chapter","基础词"
2093,"charity","基础词"
2094,"chart","基础词"
2095,"charter","基础词"
2096,"deck","基础词"
2097,"declaration","基础词"
2098,"declare","基础词"
2099,"deed","基础词"
2100,"default","基础词"
2101,"defeat","基础词"
2102,"defer","基础词"
2103,"defect","基础词"
2104,"deficiency","基础词"
2105,"deficit","基础词"
2106,"degenerate","基础词"
2107,"either","基础词"
2108,"eject","基础词"
2109,"elapse","基础词"
2110,"elastic","基础词"
2111,"elbow","基础词"
2112,"feasible","基础词"
2113,"feast","基础词"
2114,"feat","基础词"
2115,"feather","基础词"
2116,"glide","基础词"
2117,"gloomy","基础词"
2118,"glory","基础词"
2119,"glorious","基础词"
2120,"glue","基础词"
2121,"headline","基础词"
2122,"headquarters","基础词"
2123,"hearing","基础词"
2124,"heart","基础词"
2125,"heat","基础词"
2126,"member","基础词"
2127,"membership","基础词"
2128,"menace","基础词"
2129,"mend","基础词"
2130,"persecute","基础词"
2131,"persevere","基础词"
2132,"persist","基础词"
2133,"persuade","基础词"
2134,"persuasion","基础词"
2135,"pest","基础词"
2136,"petrol","基础词"
2137,"petroleum","基础词"
2138,"petty","基础词"
2139,"pharmacy","基础词"
2140,"phone","基础词"
2141,"pile","基础词"
2142,"pilgrim","基础词"
2143,"pill","基础词"
2144,"pillar","基础词"
2145,"pilot","基础词"
2146,"quarrel","基础词"
2147,"quart","基础词"
2148,"quarter","基础词"
2149,"quarantine","基础词"
2150,"slip","基础词"
2151,"slipper","基础词"
2152,"slippery","基础词"
2153,"slogan","基础词"
2154,"slope","基础词"
2155,"slot","基础词"
2156,"slum","基础词"
2157,"slump","基础词"
2158,"sly","基础词"
2159,"smash","基础词"
2160,"smog","基础词"
2161,"smooth","基础词"
2162,"smuggle","基础词"
2163,"bear","基础词"
2164,"beard","基础词"
2165,"bearing","基础词"
2166,"rap","基础词"
2167,"rape","基础词"
2168,"rapid","基础词"
2169,"rash","基础词"
2170,"raw","基础词"
2171,"ray","基础词"
2172,"reader","基础词"
2173,"reading","基础词"
2174,"readily","基础词"
2175,"realm","基础词"
2176,"reap","基础词"
2177,"rear","基础词"
2178,"bend","基础词"
2179,"beneath","基础词"
2180,"beside","基础词"
2181,"besides","基础词"
2182,"amplify","基础词"
2183,"analogue","基础词"
2184,"analogy","基础词"
2185,"analyze","基础词"
2186,"analysis","基础词"
2187,"analytical","基础词"
2188,"inertia","基础词"
2189,"infant","基础词"
2190,"infect","基础词"
2191,"infectious","基础词"
2192,"infinite","基础词"
2193,"inflation","基础词"
2194,"inflict","基础词"
2195,"infrared","基础词"
2196,"infrastructure","基础词"
2197,"knee","基础词"
2198,"kneel","基础词"
2199,"knob","基础词"
2200,"knot","基础词"
2201,"knowledge","基础词"
2202,"leaf","基础词"
2203,"leaflet","基础词"
2204,"league","基础词"
2205,"leak","基础词"
2206,"lean","基础词"
2207,"leap","基础词"
2208,"lease","基础词"
2209,"leather","基础词"
2210,"mechanic","基础词"
2211,"mechanical","基础词"
2212,"mechanism","基础词"
2213,"nickname","基础词"
2214,"nightmare","基础词"
2215,"nominal","基础词"
2216,"nominate","基础词"
2217,"pleasure","基础词"
2218,"pledge","基础词"
2219,"plentiful","基础词"
2220,"pneumonia","基础词"
2221,"pocket","基础词"
2222,"poison","基础词"
2223,"poisonous","基础词"
2224,"regard","基础词"
2225,"regarding","基础词"
2226,"regardless","基础词"
2227,"regime","基础词"
2228,"register","基础词"
2229,"rehearse","基础词"
2230,"reign","基础词"
2231,"rein","基础词"
2232,"reinforce","基础词"
2233,"simulate","基础词"
2234,"simultaneous","基础词"
2235,"sin","基础词"
2236,"sincere","基础词"
2237,"single","基础词"
2238,"singular","基础词"
2239,"sink","基础词"
2240,"sip","基础词"
2241,"siren","基础词"
2242,"thumb","基础词"
2243,"thunder","基础词"
2244,"tick","基础词"
2245,"ticket","基础词"
2246,"wealth","基础词"
2247,"wealthy","基础词"
2248,"weapon","基础词"
2249,"weave","基础词"
2250,"web","基础词"
2251,"wedge","基础词"
2252,"jungle","基础词"
2253,"junction","基础词"
2254,"junior","基础词"
2255,"juvenile","基础词"
2256,"junk","基础词"
2257,"unload","基础词"
2258,"upper","基础词"
2259,"upright","基础词"
2260,"upstairs","基础词"
2261,"upward","基础词"
2262,"skate","基础词"
2263,"ski","基础词"
2264,"skill","基础词"
2265,"skilled","基础词"
2266,"skillful","基础词"
2267,"skim","基础词"
2268,"skin","基础词"
2269,"skip","基础词"
2270,"skull","基础词"
2271,"skyscraper","基础词"
2272,"slam","基础词"
2273,"slap","基础词"
2274,"slaughter","基础词"
2275,"sleeve","基础词"
2276,"slender","基础词"
2277,"slice","基础词"
2278,"slide","基础词"
2279,"slight","基础词"
2280,"slim","基础词"
2281,"climate","基础词"
2282,"climax","基础词"
2283,"climb","基础词"
2284,"clip","基础词"
2285,"cloak","基础词"
2286,"clockwise","基础词"
2287,"clone","基础词"
2288,"descend","基础词"
2289,"descendant","基础词"
2290,"descent","基础词"
2291,"desert","基础词"
2292,"endow","基础词"
2293,"endure","基础词"
2294,"endurance","基础词"
2295,"graph","基础词"
2296,"graphic","基础词"
2297,"grateful","基础词"
2298,"gratitude","基础词"
2299,"grave","基础词"
2300,"gravity","基础词"
2301,"graze","基础词"
2302,"grease","基础词"
2303,"inhabit","基础词"
2304,"inhabitant","基础词"
2305,"inhale","基础词"
2306,"inherent","基础词"
2307,"inherit","基础词"
2308,"inhibit","基础词"
2309,"medal","基础词"
2310,"medical","基础词"
2311,"medicine","基础词"
2312,"medieval","基础词"
2313,"meet","基础词"
2314,"melody","基础词"
2315,"melt","基础词"
2316,"plight","基础词"
2317,"plough","基础词"
2318,"plug","基础词"
2319,"plumber","基础词"
2320,"plunge","基础词"
2321,"plural","基础词"
2322,"plus","基础词"
2323,"fiber","基础词"
2324,"file","基础词"
2325,"fill","基础词"
2326,"film","基础词"
2327,"filter","基础词"
2328,"relax","基础词"
2329,"relay","基础词"
2330,"release","基础词"
2331,"relief","基础词"
2332,"relieve","基础词"
2333,"relish","基础词"
2334,"reluctant","基础词"
2335,"treasure","基础词"
2336,"tremble","基础词"
2337,"tremendous","基础词"
2338,"trench","基础词"
2339,"usage","基础词"
2340,"useful","基础词"
2341,"utmost","基础词"
2342,"bold","基础词"
2343,"bolt","基础词"
2344,"bolster","基础词"
2345,"bomb","基础词"
2346,"bond","基础词"
2347,"bone","基础词"
2348,"sick","基础词"
2349,"side","基础词"
2350,"sideways","基础词"
2351,"siege","基础词"
2352,"sigh","基础词"
2353,"sight","基础词"
2354,"sightseeing","基础词"
2355,"silence","基础词"
2356,"silent","基础词"
2357,"silicon","基础词"
2358,"silly","基础词"
2359,"silver","基础词"
2360,"thread","基础词"
2361,"threshold","基础词"
2362,"throne","基础词"
2363,"throw","基础词"
2364,"thrust","基础词"
2365,"unfold","基础词"
2366,"unfortunately","基础词"
2367,"uniform","基础词"
2368,"unit","基础词"
2369,"unite","基础词"
2370,"unity","基础词"
2371,"violet","基础词"
2372,"virgin","基础词"
2373,"virus","基础词"
2374,"vocal","基础词"
2375,"vocation","基础词"
2376,"voice","基础词"
2377,"volatile","基础词"
2378,"volcano","基础词"
2379,"voyage","基础词"
2380,"waterfall","基础词"
2381,"waterproof","基础词"
2382,"wave","基础词"
2383,"wax","基础词"
2384,"although","基础词"
2385,"altitude","基础词"
2386,"altogether","基础词"
2387,"ambassador","基础词"
2388,"amiable","基础词"
2389,"amid","基础词"
2390,"belly","基础词"
2391,"beloved","基础词"
2392,"below","基础词"
2393,"belt","基础词"
2394,"bench","基础词"
2395,"clap","基础词"
2396,"clarify","基础词"
2397,"clarity","基础词"
2398,"clash","基础词"
2399,"clasp","基础词"
2400,"class","基础词"
2401,"classic","基础词"
2402,"classical","基础词"
2403,"classification","基础词"
2404,"classify","基础词"
2405,"clause","基础词"
2406,"depart","基础词"
2407,"departure","基础词"
2408,"depict","基础词"
2409,"deplete","基础词"
2410,"deplore","基础词"
2411,"deploy","基础词"
2412,"depth","基础词"
2413,"deputy","基础词"
2414,"enclose","基础词"
2415,"enclosure","基础词"
2416,"gorgeous","基础词"
2417,"gossip","基础词"
2418,"gown","基础词"
2419,"grade","基础词"
2420,"grain","基础词"
2421,"gram","基础词"
2422,"hedge","基础词"
2423,"heel","基础词"
2424,"height","基础词"
2425,"heighten","基础词"
2426,"heir","基础词"
2427,"helicopter","基础词"
2428,"hell","基础词"
2429,"helmet","基础词"
2430,"helpful","基础词"
2431,"hemisphere","基础词"
2432,"hence","基础词"
2433,"henceforth","基础词"
2434,"herald","基础词"
2435,"herb","基础词"
2436,"herd","基础词"
2437,"heritage","基础词"
2438,"sail","基础词"
2439,"sailor","基础词"
2440,"saint","基础词"
2441,"sake","基础词"
2442,"salad","基础词"
2443,"salary","基础词"
2444,"salute","基础词"
2445,"salvation","基础词"
2446,"accent","基础词"
2447,"accident","基础词"
2448,"accord","基础词"
2449,"accordance","基础词"
2450,"according to","基础词"
2451,"accordingly","基础词"
2452,"ache","基础词"
2453,"acid","基础词"
2454,"bald","基础词"
2455,"ballet","基础词"
2456,"ballot","基础词"
2457,"band","基础词"
2458,"bandage","基础词"
2459,"bang","基础词"
2460,"bankrupt","基础词"
2461,"banner","基础词"
2462,"banquet","基础词"
2463,"barbecue","基础词"
2464,"bark","基础词"
2465,"barn","基础词"
2466,"barrel","基础词"
2467,"barren","基础词"
2468,"barrier","基础词"
2469,"camel","基础词"
2470,"camp","基础词"
2471,"campus","基础词"
2472,"can","基础词"
2473,"cancel","基础词"
2474,"cancer","基础词"
2475,"cape","基础词"
2476,"captain","基础词"
2477,"carbohydrate","基础词"
2478,"carbon","基础词"
2479,"cardinal","基础词"
2480,"cargo","基础词"
2481,"carriage","基础词"
2482,"carrier","基础词"
2483,"carry","基础词"
2484,"carrot","基础词"
2485,"carve","基础词"
2486,"eccentric","基础词"
2487,"echo","基础词"
2488,"ecology","基础词"
2489,"edge","基础词"
2490,"faint","基础词"
2491,"faith","基础词"
2492,"faithful","基础词"
2493,"gentle","基础词"
2494,"gently","基础词"
2495,"genuine","基础词"
2496,"geography","基础词"
2497,"geology","基础词"
2498,"geometry","基础词"
2499,"germ","基础词"
2500,"gesture","基础词"
2501,"ghost","基础词"
2502,"majesty","基础词"
2503,"male","基础词"
2504,"malignant","基础词"
2505,"passage","基础词"
2506,"passerby","基础词"
2507,"passport","基础词"
2508,"paste","基础词"
2509,"pastime","基础词"
2510,"pat","基础词"
2511,"path","基础词"
2512,"pathetic","基础词"
2513,"patience","基础词"
2514,"patriotic","基础词"
2515,"patrol","基础词"
2516,"patron","基础词"
2517,"pause","基础词"
2518,"pave","基础词"
2519,"pavement","基础词"
2520,"dance","基础词"
2521,"dash","基础词"
2522,"daunting","基础词"
2523,"dawn","基础词"
2524,"daily","基础词"
2525,"daylight","基础词"
2526,"battle","基础词"
2527,"battery","基础词"
2528,"bay","基础词"
2529,"adhere","基础词"
2530,"adjacent","基础词"
2531,"adolescent","基础词"
2532,"adore","基础词"
2533,"advent","基础词"
2534,"adventure","基础词"
2535,"adverse","基础词"
2536,"advertise","基础词"
2537,"ceiling","基础词"
2538,"cell","基础词"
2539,"cement","基础词"
2540,"censorship","基础词"
2541,"census","基础词"
2542,"cent","基础词"
2543,"center","基础词"
2544,"central","基础词"
2545,"century","基础词"
2546,"centigrade","基础词"
2547,"centimetre","基础词"
2548,"cereal","基础词"
2549,"debt","基础词"
2550,"debut","基础词"
2551,"decay","基础词"
2552,"deceit","基础词"
2553,"deceive","基础词"
2554,"decent","基础词"
2555,"decimal","基础词"
2556,"ego","基础词"
2557,"fare","基础词"
2558,"farewell","基础词"
2559,"farther","基础词"
2560,"fast","基础词"
2561,"fasten","基础词"
2562,"fate","基础词"
2563,"fatal","基础词"
2564,"fatigue","基础词"
2565,"fault","基础词"
2566,"faulty","基础词"
2567,"fax","基础词"
2568,"giggle","基础词"
2569,"glacier","基础词"
2570,"glare","基础词"
2571,"glance","基础词"
2572,"glimpse","基础词"
2573,"glitter","基础词"
2574,"glow","基础词"
2575,"harvest","基础词"
2576,"haste","基础词"
2577,"hasty","基础词"
2578,"hatch","基础词"
2579,"hatred","基础词"
2580,"haul","基础词"
2581,"hawk","基础词"
2582,"hay","基础词"
2583,"hazard","基础词"
2584,"he","基础词"
2585,"jog","基础词"
2586,"joint","基础词"
2587,"jolly","基础词"
2588,"kid","基础词"
2589,"kidnap","基础词"
2590,"kidney","基础词"
2591,"kill","基础词"
2592,"late","基础词"
2593,"lately","基础词"
2594,"later","基础词"
2595,"latent","基础词"
2596,"latitude","基础词"
2597,"laughter","基础词"
2598,"launch","基础词"
2599,"laundry","基础词"
2600,"reckless","基础词"
2601,"reckon","基础词"
2602,"reclaim","基础词"
2603,"telescope","基础词"
2604,"telegraph","基础词"
2605,"tell","基础词"
2606,"tear","基础词"
2607,"tease","基础词"
2608,"tedious","基础词"
2609,"undo","基础词"
2610,"undoubtedly","基础词"
2611,"peaceful","基础词"
2612,"peak","基础词"
2613,"pearl","基础词"
2614,"pedal","基础词"
2615,"pedestrian","基础词"
2616,"harassment","基础词"
2617,"harbor","基础词"
2618,"hard","基础词"
2619,"harden","基础词"
2620,"hardly","基础词"
2621,"hardship","基础词"
2622,"hardware","基础词"
2623,"hero","基础词"
2624,"heroic","基础词"
2625,"heroin","基础词"
2626,"heroine","基础词"
2627,"impatient","基础词"
2628,"imperative","基础词"
2629,"imperial","基础词"
2630,"impetus","基础词"
2631,"lane","基础词"
2632,"lantern","基础词"
2633,"lap","基础词"
2634,"lapse","基础词"
2635,"laser","基础词"
2636,"lash","基础词"
2637,"mankind","基础词"
2638,"manoeuvre","基础词"
2639,"manual","基础词"
2640,"manufacture","基础词"
2641,"manuscript","基础词"
2642,"obstacle","基础词"
2643,"obstruct","基础词"
2644,"obstruction","基础词"
2645,"occasion","基础词"
2646,"occasional","基础词"
2647,"odd","基础词"
2648,"odds","基础词"
2649,"odor","基础词"
2650,"scold","基础词"
2651,"scout","基础词"
2652,"scramble","基础词"
2653,"scrap","基础词"
2654,"scrape","基础词"
2655,"scratch","基础词"
2656,"scream","基础词"
2657,"screen","基础词"
2658,"screw","基础词"
2659,"script","基础词"
2660,"scrutiny","基础词"
2661,"sculpture","基础词"
2662,"seal","基础词"
2663,"seam","基础词"
2664,"second","基础词"
2665,"secondary","基础词"
2666,"secretary","基础词"
2667,"section","基础词"
2668,"sector","基础词"
2669,"segment","基础词"
2670,"segregate","基础词"
2671,"seize","基础词"
2672,"veil","基础词"
2673,"vein","基础词"
2674,"velocity","基础词"
2675,"velvet","基础词"
2676,"vertical","基础词"
2677,"verge","基础词"
2678,"versatile","基础词"
2679,"versus","基础词"
2680,"gallery","基础词"
2681,"galaxy","基础词"
2682,"peel","基础词"
2683,"peep","基础词"
2684,"penalty","基础词"
2685,"penetrate","基础词"
2686,"peninsula","基础词"
2687,"penny","基础词"
2688,"pension","基础词"
2689,"people","基础词"
2690,"perfume","基础词"
2691,"permanent","基础词"
2692,"permeate","基础词"
2693,"permission","基础词"
2694,"permit","基础词"
2695,"quantify","基础词"
2696,"quantitative","基础词"
2697,"quantity","基础词"
2698,"race","基础词"
2699,"racial","基础词"
2700,"rack","基础词"
2701,"racket","基础词"
2702,"radio","基础词"
2703,"radioactive","基础词"
2704,"radius","基础词"
2705,"rag","基础词"
2706,"rage","基础词"
2707,"raid","基础词"
2708,"semester","基础词"
2709,"semiconductor","基础词"
2710,"seminar","基础词"
2711,"senate","基础词"
2712,"senator","基础词"
2713,"sentence","基础词"
2714,"sentiment","基础词"
2715,"session","基础词"
2716,"sew","基础词"
2717,"shine","基础词"
2718,"shipment","基础词"
2719,"shiver","基础词"
2720,"shock","基础词"
2721,"shoot","基础词"
2722,"shot","基础词"
2723,"shortage","基础词"
2724,"shortcoming","基础词"
2725,"shorthand","基础词"
2726,"shove","基础词"
2727,"temple","基础词"
2728,"tempo","基础词"
2729,"tenant","基础词"
2730,"tender","基础词"
2731,"tense","基础词"
2732,"tension","基础词"
2733,"then","基础词"
2734,"thereafter","基础词"
2735,"thereby","基础词"
2736,"therefore","基础词"
2737,"vest","基础词"
2738,"veteran","基础词"
2739,"veto","基础词"
2740,"walk","基础词"
2741,"ward","基础词"
2742,"wardrobe","基础词"
2743,"warehouse","基础词"
2744,"warfare","基础词"
2745,"warmth","基础词"
2746,"warn","基础词"
2747,"warrant","基础词"
2748,"warranty","基础词"
2749,"aerial","基础词"
2750,"affluent","基础词"
2751,"afterwards","基础词"
2752,"against","基础词"
2753,"age","基础词"
2754,"coach","基础词"
2755,"coalition","基础词"
2756,"coarse","基础词"
2757,"cognitive","基础词"
2758,"inject","基础词"
2759,"injure","基础词"
2760,"injury","基础词"
2761,"ink","基础词"
2762,"inland","基础词"
2763,"blank","基础词"
2764,"blanket","基础词"
2765,"light","基础词"
2766,"lightning","基础词"
2767,"bake","基础词"
2768,"bait","基础词"
2769,"bachelor","基础词"
2770,"backward","基础词"
2771,"bacteria","基础词"
2772,"bad","基础词"
2773,"badly","基础词"
2774,"badge","基础词"
2775,"badminton","基础词"
2776,"baggage","基础词"
2777,"bail","基础词"
2778,"abdomen","基础词"
2779,"aboard","基础词"
2780,"abound","基础词"
2781,"above","基础词"
2782,"abrupt","基础词"
2783,"absurd","基础词"
2784,"abundant","基础词"
2785,"abuse","基础词"
2786,"cab","基础词"
2787,"cabinet","基础词"
2788,"cable","基础词"
2789,"calendar","基础词"
2790,"calorie","基础词"
2791,"damage","基础词"
2792,"damn","基础词"
2793,"damp","基础词"
2794,"eager","基础词"
2795,"ear","基础词"
2796,"earnest","基础词"
2797,"earth","基础词"
2798,"ease","基础词"
2799,"east","基础词"
2800,"ebb","基础词"
2801,"fable","基础词"
2802,"fabulous","基础词"
2803,"facilitate","基础词"
2804,"facility","基础词"
2805,"faculty","基础词"
2806,"gang","基础词"
2807,"jail","基础词"
2808,"garage","基础词"
2809,"garbage","基础词"
2810,"gas","基础词"
2811,"gasp","基础词"
2812,"gather","基础词"
2813,"gauge","基础词"
2814,"gay","基础词"
2815,"gaze","基础词"
2816,"gear","基础词"
2817,"gender","基础词"
2818,"hail","基础词"
2819,"hall","基础词"
2820,"halt","基础词"
2821,"hand","基础词"
2822,"handbook","基础词"
2823,"handful","基础词"
2824,"handle","基础词"
2825,"handy","基础词"
2826,"hang","基础词"
2827,"ham","基础词"
2828,"hammer","基础词"
2829,"ice","基础词"
2830,"idiom","基础词"
2831,"idle","基础词"
2832,"if","基础词"
2833,"ignite","基础词"
2834,"illegal","基础词"
2835,"illiterate","基础词"
2836,"illuminate","基础词"
2837,"jam","基础词"
2838,"jargon","基础词"
2839,"jaw","基础词"
2840,"jealous","基础词"
2841,"jet","基础词"
2842,"jewel","基础词"
2843,"jewellery","基础词"
2844,"naked","基础词"
2845,"nail","基础词"
2846,"naive","基础词"
2847,"namely","基础词"
2848,"nap","基础词"
2849,"naughty","基础词"
2850,"keen","基础词"
2851,"keyboard","基础词"
2852,"labour","基础词"
2853,"lace","基础词"
2854,"lack","基础词"
2855,"lad","基础词"
2856,"lamb","基础词"
2857,"lame","基础词"
2858,"machine","基础词"
2859,"machinery","基础词"
2860,"mad","基础词"
2861,"madam","基础词"
2862,"magic","基础词"
2863,"magistrate","基础词"
2864,"magnet","基础词"
2865,"magnetic","基础词"
2866,"maiden","基础词"
2867,"main","基础词"
2868,"mainland","基础词"
2869,"oar","基础词"
2870,"oath","基础词"
2871,"obedience","基础词"
2872,"obedient","基础词"
2873,"obey","基础词"
2874,"obesity","基础词"
2875,"pack","基础词"
2876,"package","基础词"
2877,"pact","基础词"
2878,"pad","基础词"
2879,"paddle","基础词"
2880,"pain","基础词"
2881,"painful","基础词"
2882,"paint","基础词"
2883,"painter","基础词"
2884,"pair","基础词"
2885,"pale","基础词"
2886,"palm","基础词"
2887,"pamphlet","基础词"
2888,"panic","基础词"
2889,"pant","基础词"
2890,"paper","基础词"
2891,"paperback","基础词"
2892,"parachute","基础词"
2893,"parade","基础词"
2894,"paradigm","基础词"
2895,"paradise","基础词"
2896,"paradox","基础词"
2897,"parameter","基础词"
2898,"parasite","基础词"
2899,"parcel","基础词"
2900,"pardon","基础词"
2901,"parliament","基础词"
2902,"sack","基础词"
2903,"sacred","基础词"
2904,"sacrifice","基础词"
2905,"saddle","基础词"
2906,"sample","基础词"
2907,"sanction","基础词"
2908,"sandwich","基础词"
2909,"sane","基础词"
2910,"sarcastic","基础词"
2911,"satellite","基础词"
2912,"ugly","基础词"
2913,"ultraviolet","基础词"
2914,"umbrella","基础词"
2915,"unanimous","基础词"
2916,"uncover","基础词"
2917,"vacant","基础词"
2918,"vacation","基础词"
2919,"vaccine","基础词"
2920,"vacuum","基础词"
2921,"valve","基础词"
2922,"wagon","基础词"
2923,"waist","基础词"
2924,"wake","基础词"
2925,"waken","基础词"
2926,"X-ray","基础词"
2927,"yard","基础词"
2928,"yawn","基础词"
2929,"yearly","基础词"
2930,"yell","基础词"
2931,"yet","基础词"
2932,"zeal","基础词"
2933,"zero","基础词"
2934,"zip","基础词"
2935,"agency","基础词"
2936,"agenda","基础词"
2937,"agony","基础词"
2938,"bath","基础词"
2939,"bathe","基础词"
2940,"batch","基础词"
2941,"acquaint","基础词"
2942,"acquaintance","基础词"
2943,"across","基础词"
2944,"satisfaction","基础词"
2945,"satisfactory","基础词"
2946,"satisfy","基础词"
2947,"satire","基础词"
2948,"saturate","基础词"
2949,"sauce","基础词"
2950,"saucer","基础词"
2951,"sausage","基础词"
2952,"saw","基础词"
2953,"scan","基础词"
2954,"scandal","基础词"
2955,"scar","基础词"
2956,"scarce","基础词"
2957,"scarcely","基础词"
2958,"scare","基础词"
2959,"scarf","基础词"
2960,"scatter","基础词"
2961,"scenario","基础词"
2962,"scent","基础词"
2963,"scholar","基础词"
2964,"scholarship","基础词"
2965,"school","基础词"
2966,"tablet","基础词"
2967,"taboo","基础词"
2968,"tackle","基础词"
2969,"tactic","基础词"
2970,"tag","基础词"
2971,"tailor","基础词"
2972,"tale","基础词"
2973,"tame","基础词"
2974,"tan","基础词"
2975,"tangible","基础词"
2976,"tangle","基础词"
2977,"tank","基础词"
2978,"tanker","基础词"
2979,"tap","基础词"
2980,"tape","基础词"
2981,"tariff","基础词"
2982,"tax","基础词"
2983,"undergraduate","基础词"
2984,"underground","基础词"
2985,"undermine","基础词"
2986,"underneath","基础词"
2987,"van","基础词"
2988,"vanity","基础词"
2989,"vapour","基础词"
2990,"vegetarian","基础词"
2991,"vegetation","基础词"
2992,"vehicle","基础词"
2993,"cash","基础词"
2994,"cashier","基础词"
2995,"catalogue","基础词"
2996,"catastrophe","基础词"
2997,"dead","基础词"
2998,"deadline","基础词"
2999,"deadly","基础词"
3000,"deaf","基础词"
3001,"dean","基础词"
3002,"edible","基础词"
3003,"edit","基础词"
3004,"edition","基础词"
3005,"editor","基础词"
3006,"editorial","基础词"
3007,"fake","基础词"
3008,"false","基础词"
3009,"fame","基础词"
3010,"familiar","基础词"
3011,"family","基础词"
3012,"famine","基础词"
3013,"fantastic","基础词"
3014,"fantasy","基础词"
3015,"reassure","基础词"
3016,"rebel","基础词"
3017,"rebellion","基础词"
3018,"recede","基础词"
3019,"receipt","基础词"
3020,"reception","基础词"
3021,"recession","基础词"
3022,"recipe","基础词"
3023,"recipient","基础词"
3024,"reciprocal","基础词"
3025,"recite","基础词"
3026,"sob","基础词"
3027,"sober","基础词"
3028,"software","基础词"
3029,"soil","基础词"
3030,"solar","基础词"
3031,"sole","基础词"
3032,"solemn","基础词"
3033,"solid","基础词"
3034,"solidarity","基础词"
3035,"solo","基础词"
3036,"somewhat","基础词"
3037,"hierarchy","基础词"
3038,"hijack","基础词"
3039,"hike","基础词"
3040,"historical","基础词"
3041,"historian","基础词"
3042,"hinge","基础词"
3043,"hip","基础词"
3044,"hire","基础词"
3045,"insert","基础词"
3046,"inside","基础词"
3047,"insight","基础词"
3048,"insist","基础词"
3049,"inspect","基础词"
3050,"inspiration","基础词"
3051,"inspire","基础词"
3052,"lick","基础词"
3053,"lid","基础词"
3054,"lie","基础词"
3055,"life","基础词"
3056,"lifetime","基础词"
3057,"lift","基础词"
3058,"merchandise","基础词"
3059,"merchant","基础词"
3060,"mercury","基础词"
3061,"mercy","基础词"
3062,"merge","基础词"
3063,"merit","基础词"
3064,"merry","基础词"
3065,"metal","基础词"
3066,"metaphor","基础词"
3067,"meter","基础词"
3068,"metric","基础词"
3069,"metropolitan","基础词"
3070,"none","基础词"
3071,"nonsense","基础词"
3072,"oral","基础词"
3073,"orbit","基础词"
3074,"order","基础词"
3075,"orderly","基础词"
3076,"ordinary","基础词"
3077,"orient","基础词"
3078,"oriental","基础词"
3079,"orientation","基础词"
3080,"pop","基础词"
3081,"pope","基础词"
3082,"popular","基础词"
3083,"porcelain","基础词"
3084,"portable","基础词"
3085,"porter","基础词"
3086,"portfolio","基础词"
3087,"portrait","基础词"
3088,"portray","基础词"
3089,"post","基础词"
3090,"postage","基础词"
3091,"poster","基础词"
3092,"postman","基础词"
3093,"postpone","基础词"
3094,"posture","基础词"
3095,"remnant","基础词"
3096,"renaissance","基础词"
3097,"renew","基础词"
3098,"renovate","基础词"
3099,"rent","基础词"
3100,"repair","基础词"
3101,"repay","基础词"
3102,"repeat","基础词"
3103,"repeatedly","基础词"
3104,"repel","基础词"
3105,"repertoire","基础词"
3106,"repetition","基础词"
3107,"tire","基础词"
3108,"tiresome","基础词"
3109,"tissue","基础词"
3110,"toil","基础词"
3111,"blade","基础词"
3112,"blame","基础词"
3113,"blast","基础词"
3114,"blaze","基础词"
3115,"hop","基础词"
3116,"hook","基础词"
3117,"hormone","基础词"
3118,"horn","基础词"
3119,"horrible","基础词"
3120,"horror","基础词"
3121,"horsepower","基础词"
3122,"hose","基础词"
3123,"instruct","基础词"
3124,"instruction","基础词"
3125,"instrument","基础词"
3126,"instrumental","基础词"
3127,"insulate","基础词"
3128,"insult","基础词"
3129,"liquid","基础词"
3130,"liquor","基础词"
3131,"litter","基础词"
3132,"miracle","基础词"
3133,"mirror","基础词"
3134,"mischief","基础词"
3135,"misfortune","基础词"
3136,"miss","基础词"
3137,"missile","基础词"
3138,"missing","基础词"
3139,"mission","基础词"
3140,"missionary","基础词"
3141,"nuclear","基础词"
3142,"nucleus","基础词"
3143,"preclude","基础词"
3144,"predominant","基础词"
3145,"pregnant","基础词"
3146,"rest","基础词"
3147,"restless","基础词"
3148,"spray","基础词"
3149,"spring","基础词"
3150,"sprinkle","基础词"
3151,"sprout","基础词"
3152,"square","基础词"
3153,"squeeze","基础词"
3154,"stab","基础词"
3155,"stack","基础词"
3156,"stagger","基础词"
3157,"stagnant","基础词"
3158,"stagnate","基础词"
3159,"trade","基础词"
3160,"trademark","基础词"
3161,"traffic","基础词"
3162,"around","基础词"
3163,"arrange","基础词"
3164,"arrest","基础词"
3165,"arrive","基础词"
3166,"arrival","基础词"
3167,"arrogant","基础词"
3168,"arrow","基础词"
3169,"conscience","基础词"
3170,"conscientious","基础词"
3171,"consecutive","基础词"
3172,"consensus","基础词"
3173,"consent","基础词"
3174,"consolidate","基础词"
3175,"conspicuous","基础词"
3176,"conspiracy","基础词"
3177,"consult","基础词"
3178,"consultant","基础词"
3179,"wipe","基础词"
3180,"wire","基础词"
3181,"wise","基础词"
3182,"wisdom","基础词"
3183,"witch","基础词"
3184,"withhold","基础词"
3185,"within","基础词"
3186,"withstand","基础词"
3187,"snap","基础词"
3188,"snatch","基础词"
3189,"sneak","基础词"
3190,"sneeze","基础词"
3191,"sniff","基础词"
3192,"snobbish","基础词"
3193,"detective","基础词"
3194,"detector","基础词"
3195,"deviate","基础词"
3196,"devil","基础词"
3197,"devote","基础词"
3198,"fix","基础词"
3199,"fixture","基础词"
3200,"flame","基础词"
3201,"flap","基础词"
3202,"flare","基础词"
3203,"flash","基础词"
3204,"flat","基础词"
3205,"flatter","基础词"
3206,"flavour","基础词"
3207,"flee","基础词"
3208,"flesh","基础词"
3209,"flight","基础词"
3210,"any","基础词"
3211,"anybody","基础词"
3212,"anyhow","基础词"
3213,"anything","基础词"
3214,"anyway","基础词"
3215,"anywhere","基础词"
3216,"asset","基础词"
3217,"assign","基础词"
3218,"assignment","基础词"
3219,"bibliography","基础词"
3220,"bin","基础词"
3221,"bind","基础词"
3222,"biography","基础词"
3223,"biology","基础词"
3224,"bit","基础词"
3225,"bite","基础词"
3226,"bitter","基础词"
3227,"bizarre","基础词"
3228,"coherent","基础词"
3229,"cohesive","基础词"
3230,"coin","基础词"
3231,"coke","基础词"
3232,"collaborate","基础词"
3233,"collar","基础词"
3234,"colonel","基础词"
3235,"colonial","基础词"
3236,"colony","基础词"
3237,"combination","基础词"
3238,"enthusiasm","基础词"
3239,"enthusiastic","基础词"
3240,"entire","基础词"
3241,"entitle","基础词"
3242,"entity","基础词"
3243,"entrepreneur","基础词"
3244,"entrance","基础词"
3245,"entry","基础词"
3246,"whale","基础词"
3247,"whatever","基础词"
3248,"whenever","基础词"
3249,"whereas","基础词"
3250,"whereby","基础词"
3251,"wherever","基础词"
3252,"whichever","基础词"
3253,"while","基础词"
3254,"whip","基础词"
3255,"whistle","基础词"
3256,"whoever","基础词"
3257,"bloom","基础词"
3258,"blossom","基础词"
3259,"blow","基础词"
3260,"blueprint","基础词"
3261,"blunder","基础词"
3262,"blunt","基础词"
3263,"blur","基础词"
3264,"blush","基础词"
3265,"praise","基础词"
3266,"pray","基础词"
3267,"prayer","基础词"
3268,"resemblance","基础词"
3269,"resemble","基础词"
3270,"reservoir","基础词"
3271,"residence","基础词"
3272,"resident","基础词"
3273,"resign","基础词"
3274,"resolute","基础词"
3275,"resolution","基础词"
3276,"resolve","基础词"
3277,"specimen","基础词"
3278,"spectacle","基础词"
3279,"spectator","基础词"
3280,"spectrum","基础词"
3281,"sphere","基础词"
3282,"spicy","基础词"
3283,"spill","基础词"
3284,"spin","基础词"
3285,"spine","基础词"
3286,"spiral","基础词"
3287,"spirit","基础词"
3288,"spiritual","基础词"
3289,"spit","基础词"
3290,"spite","基础词"
3291,"splash","基础词"
3292,"splendid","基础词"
3293,"split","基础词"
3294,"spontaneous","基础词"
3295,"spot","基础词"
3296,"spouse","基础词"
3297,"time","基础词"
3298,"timely","基础词"
3299,"timid","基础词"
3300,"tin","基础词"
3301,"tiny","基础词"
3302,"tower","基础词"
3303,"toxic","基础词"
3304,"wicked","基础词"
3305,"width","基础词"
3306,"wild","基础词"
3307,"wind","基础词"
3308,"wink","基础词"
3309,"arm","基础词"
3310,"army","基础词"
3311,"congratulate","基础词"
3312,"congratulation","基础词"
3313,"conjunction","基础词"
3314,"conquer","基础词"
3315,"conquest","基础词"
3316,"disaster","基础词"
3317,"disastrous","基础词"
3318,"discard","基础词"
3319,"discern","基础词"
3320,"discharge","基础词"
3321,"era","基础词"
3322,"eradicate","基础词"
3323,"erase","基础词"
3324,"erect","基础词"
3325,"erode","基础词"
3326,"erosion","基础词"
3327,"erroneous","基础词"
3328,"error","基础词"
3329,"erupt","基础词"
3330,"escalate","基础词"
3331,"escort","基础词"
3332,"foam","基础词"
3333,"focus","基础词"
3334,"fog","基础词"
3335,"nourish","基础词"
3336,"novel","基础词"
3337,"novelty","基础词"
3338,"nowadays","基础词"
3339,"nowhere","基础词"
3340,"apartment","基础词"
3341,"ape","基础词"
3342,"apologize","基础词"
3343,"apology","基础词"
3344,"bleak","基础词"
3345,"bleed","基础词"
3346,"blend","基础词"
3347,"bless","基础词"
3348,"comfort","基础词"
3349,"come","基础词"
3350,"comedy","基础词"
3351,"comet","基础词"
3352,"comic","基础词"
3353,"commemorate","基础词"
3354,"commence","基础词"
3355,"commonplace","基础词"
3356,"commonwealth","基础词"
3357,"commute","基础词"
3358,"diabetes","基础词"
3359,"diagnose","基础词"
3360,"diagram","基础词"
3361,"dial","基础词"
3362,"dialect","基础词"
3363,"diameter","基础词"
3364,"dictate","基础词"
3365,"dictation","基础词"
3366,"diet","基础词"
3367,"differentiate","基础词"
3368,"dig","基础词"
3369,"digest","基础词"
3370,"digital","基础词"
3371,"dignity","基础词"
3372,"envisage","基础词"
3373,"envy","基础词"
3374,"equal","基础词"
3375,"equality","基础词"
3376,"equivalent","基础词"
3377,"equation","基础词"
3378,"equator","基础词"
3379,"float","基础词"
3380,"flock","基础词"
3381,"flood","基础词"
3382,"flow","基础词"
3383,"flu","基础词"
3384,"fluctuate","基础词"
3385,"fluent","基础词"
3386,"fluid","基础词"
3387,"flush","基础词"
3388,"fly","基础词"
3389,"microphone","基础词"
3390,"microscope","基础词"
3391,"midst","基础词"
3392,"migrate","基础词"
3393,"mild","基础词"
3394,"millionaire","基础词"
3395,"mill","基础词"
3396,"nostalgic","基础词"
3397,"notable","基础词"
3398,"nothing","基础词"
3399,"notice","基础词"
3400,"notify","基础词"
3401,"notorious","基础词"
3402,"notwithstanding","基础词"
3403,"ornament","基础词"
3404,"orthodox","基础词"
3405,"pot","基础词"
3406,"pound","基础词"
3407,"powder","基础词"
3408,"represent","基础词"
3409,"representative","基础词"
3410,"repression","基础词"
3411,"reproach","基础词"
3412,"reproduce","基础词"
3413,"republic","基础词"
3414,"republican","基础词"
3415,"sore","基础词"
3416,"sorrow","基础词"
3417,"so-called","基础词"
3418,"spark","基础词"
3419,"sparkle","基础词"
3420,"space","基础词"
3421,"spacecraft","基础词"
3422,"spacious","基础词"
3423,"tie","基础词"
3424,"tide","基础词"
3425,"tidy","基础词"
3426,"tight","基础词"
3427,"tilt","基础词"
3428,"weekday","基础词"
3429,"weekly","基础词"
3430,"weed","基础词"
3431,"weep","基础词"
3432,"well-known","基础词"
3433,"wet","基础词"
3434,"ancestor","基础词"
3435,"ancient","基础词"
3436,"and","基础词"
3437,"anecdote","基础词"
3438,"angel","基础词"
3439,"angle","基础词"
3440,"anger","基础词"
3441,"angry","基础词"
3442,"ankle","基础词"
3443,"anniversary","基础词"
3444,"announce","基础词"
3445,"antenna","基础词"
3446,"antique","基础词"
3447,"bet","基础词"
3448,"betray","基础词"
3449,"better","基础词"
3450,"between","基础词"
3451,"beware","基础词"
3452,"bewilder","基础词"
3453,"beyond","基础词"
3454,"cloth","基础词"
3455,"clothe","基础词"
3456,"clothes","基础词"
3457,"clothing","基础词"
3458,"cloud","基础词"
3459,"cloudy","基础词"
3460,"clue","基础词"
3461,"clumsy","基础词"
3462,"cluster","基础词"
3463,"clutch","基础词"
3464,"desolate","基础词"
3465,"despair","基础词"
3466,"desperate","基础词"
3467,"destination","基础词"
3468,"destiny","基础词"
3469,"destruction","基础词"
3470,"destructive","基础词"
3471,"engine","基础词"
3472,"engineer","基础词"
3473,"engineering","基础词"
3474,"enormous","基础词"
3475,"enquire","基础词"
3476,"enrich","基础词"
3477,"enroll","基础词"
3478,"final","基础词"
3479,"finally","基础词"
3480,"fine","基础词"
3481,"finish","基础词"
3482,"fire","基础词"
3483,"fireman","基础词"
3484,"fireplace","基础词"
3485,"fiscal","基础词"
3486,"fish","基础词"
3487,"fisherman","基础词"
3488,"inner","基础词"
3489,"innumerable","基础词"
3490,"input","基础词"
3491,"inquiry","基础词"
3492,"lecture","基础词"
3493,"legacy","基础词"
3494,"legend","基础词"
3495,"lend","基础词"
3496,"lens","基础词"
3497,"lest","基础词"
3498,"poke","基础词"
3499,"polar","基础词"
3500,"pole","基础词"
3501,"pollute","基础词"
3502,"pollution","基础词"
3503,"pool","基础词"
3504,"remark","基础词"
3505,"remarkable","基础词"
3506,"greedy","基础词"
3507,"green","基础词"
3508,"greenhouse","基础词"
3509,"greet","基础词"
3510,"greeting","基础词"
3511,"beast","基础词"
3512,"beat","基础词"
3513,"before","基础词"
3514,"blind","基础词"
3515,"block","基础词"
3516,"blood","基础词"
3517,"bloody","基础词"
3518,"tomb","基础词"
3519,"tongue","基础词"
3520,"tool","基础词"
3521,"top","基础词"
3522,"torch","基础词"
3523,"torment","基础词"
3524,"torture","基础词"
3525,"torrent","基础词"
3526,"whole","基础词"
3527,"wholly","基础词"
3528,"wholesome","基础词"
3529,"appall","基础词"
3530,"apparatus","基础词"
3531,"appendix","基础词"
3532,"appetite","基础词"
3533,"applaud","基础词"
3534,"applause","基础词"
3535,"appraisal","基础词"
3536,"approximate","基础词"
3537,"arbitrary","基础词"
3538,"arch","基础词"
3539,"compact","基础词"
3540,"companion","基础词"
3541,"company","基础词"
3542,"compartment","基础词"
3543,"compass","基础词"
3544,"compassion","基础词"
3545,"compatible","基础词"
3546,"composite","基础词"
3547,"compound","基础词"
3548,"compulsory","基础词"
3549,"compute","基础词"
3550,"conceal","基础词"
3551,"concede","基础词"
3552,"concert","基础词"
3553,"concession","基础词"
3554,"dilemma","基础词"
3555,"diligent","基础词"
3556,"dimension","基础词"
3557,"dine","基础词"
3558,"dinosaur","基础词"
3559,"dioxide","基础词"
3560,"dip","基础词"
3561,"diploma","基础词"
3562,"diplomatic","基础词"
3563,"direction","基础词"
3564,"director","基础词"
3565,"directory","基础词"
3566,"equip","基础词"
3567,"equipment","基础词"
3568,"equity","基础词"
3569,"groan","基础词"
3570,"grocer","基础词"
3571,"grope","基础词"
3572,"hobby","基础词"
3573,"hollow","基础词"
3574,"homogeneous","基础词"
3575,"honest","基础词"
3576,"install","基础词"
3577,"installation","基础词"
3578,"installment","基础词"
3579,"instance","基础词"
3580,"instant","基础词"
3581,"instantaneous","基础词"
3582,"limb","基础词"
3583,"limp","基础词"
3584,"linear","基础词"
3585,"linen","基础词"
3586,"liner","基础词"
3587,"linger","基础词"
3588,"linguistic","基础词"
3589,"mine","基础词"
3590,"mineral","基础词"
3591,"mingle","基础词"
3592,"miniature","基础词"
3593,"minimize","基础词"
3594,"minimum","基础词"
3595,"minister","基础词"
3596,"ministry","基础词"
3597,"minor","基础词"
3598,"minority","基础词"
3599,"minus","基础词"
3600,"minute","基础词"
3601,"ash","基础词"
3602,"ashamed","基础词"
3603,"ashore","基础词"
3604,"aspect","基础词"
3605,"aspire","基础词"
3606,"lumber","基础词"
3607,"lump","基础词"
3608,"lunar","基础词"
3609,"lung","基础词"
3610,"luxury","基础词"
3611,"lyric","基础词"
3612,"bracket","基础词"
3613,"brake","基础词"
3614,"brass","基础词"
3615,"brave","基础词"
3616,"cosmic","基础词"
3617,"cost","基础词"
3618,"costume","基础词"
3619,"cozy","基础词"
3620,"couch","基础词"
3621,"count","基础词"
3622,"counter","基础词"
3623,"counterpart","基础词"
3624,"country","基础词"
3625,"countryside","基础词"
3626,"county","基础词"
3627,"excitement","基础词"
3628,"exclaim","基础词"
3629,"excursion","基础词"
3630,"excuse","基础词"
3631,"exempt","基础词"
3632,"exercise","基础词"
3633,"foremost","基础词"
3634,"forgive","基础词"
3635,"forth","基础词"
3636,"forthcoming","基础词"
3637,"fortnight","基础词"
3638,"hospitality","基础词"
3639,"host","基础词"
3640,"hostage","基础词"
3641,"hostess","基础词"
3642,"hostile","基础词"
3643,"hound","基础词"
3644,"hover","基础词"
3645,"howl","基础词"
3646,"dock","基础词"
3647,"doctrine","基础词"
3648,"donate","基础词"
3649,"dose","基础词"
3650,"dot","基础词"
3651,"intimate","基础词"
3652,"intimidate","基础词"
3653,"intricate","基础词"
3654,"intrigue","基础词"
3655,"intrinsic","基础词"
3656,"intrude","基础词"
3657,"intuition","基础词"
3658,"invade","基础词"
3659,"invasion","基础词"
3660,"invalid","基础词"
3661,"invaluable","基础词"
3662,"proficiency","基础词"
3663,"profile","基础词"
3664,"rip","基础词"
3665,"ripe","基础词"
3666,"ritual","基础词"
3667,"roar","基础词"
3668,"roast","基础词"
3669,"rob","基础词"
3670,"robust","基础词"
3671,"rock","基础词"
3672,"rod","基础词"
3673,"motion","基础词"
3674,"motivate","基础词"
3675,"motive","基础词"
3676,"motor","基础词"
3677,"mount","基础词"
3678,"mourn","基础词"
3679,"move","基础词"
3680,"stiff","基础词"
3681,"still","基础词"
3682,"sting","基础词"
3683,"stitch","基础词"
3684,"romance","基础词"
3685,"romantic","基础词"
3686,"bounce","基础词"
3687,"bound","基础词"
3688,"boundary","基础词"
3689,"trap","基础词"
3690,"trash","基础词"
3691,"travel","基础词"
3692,"wooden","基础词"
3693,"work","基础词"
3694,"worker","基础词"
3695,"workout","基础词"
3696,"workshop","基础词"
3697,"as","基础词"
3698,"ascend","基础词"
3699,"ascertain","基础词"
3700,"ascribe","基础词"
3701,"cool","基础词"
3702,"cooperate","基础词"
3703,"cooperative","基础词"
3704,"coordinate","基础词"
3705,"cope","基础词"
3706,"copy","基础词"
3707,"copyright","基础词"
3708,"copper","基础词"
3709,"cord","基础词"
3710,"cordial","基础词"
3711,"core","基础词"
3712,"corn","基础词"
3713,"coronavirus","基础词"
3714,"correct","基础词"
3715,"correlate","基础词"
3716,"correspond","基础词"
3717,"correspondence","基础词"
3718,"correspondent","基础词"
3719,"corrode","基础词"
3720,"corrupt","基础词"
3721,"dive","基础词"
3722,"divine","基础词"
3723,"divorce","基础词"
3724,"dizzy","基础词"
3725,"evoke","基础词"
3726,"exact","基础词"
3727,"exceed","基础词"
3728,"exceedingly","基础词"
3729,"excel","基础词"
3730,"except","基础词"
3731,"exception","基础词"
3732,"exceptional","基础词"
3733,"excerpt","基础词"
3734,"excess","基础词"
3735,"gum","基础词"
3736,"gun","基础词"
3737,"gut","基础词"
3738,"interim","基础词"
3739,"intermediate","基础词"
3740,"intermittent","基础词"
3741,"interrupt","基础词"
3742,"intersection","基础词"
3743,"interval","基础词"
3744,"interview","基础词"
3745,"loyal","基础词"
3746,"loyalty","基础词"
3747,"lubricate","基础词"
3748,"luck","基础词"
3749,"lucky","基础词"
3750,"moist","基础词"
3751,"moisture","基础词"
3752,"molecule","基础词"
3753,"momentum","基础词"
3754,"monarch","基础词"
3755,"monetary","基础词"
3756,"monitor","基础词"
3757,"monster","基础词"
3758,"monument","基础词"
3759,"pride","基础词"
3760,"priest","基础词"
3761,"prize","基础词"
3762,"probability","基础词"
3763,"probable","基础词"
3764,"stoop","基础词"
3765,"storm","基础词"
3766,"strand","基础词"
3767,"strange","基础词"
3768,"stranger","基础词"
3769,"strap","基础词"
3770,"straw","基础词"
3771,"stream","基础词"
3772,"streamline","基础词"
3773,"trial","基础词"
3774,"triangle","基础词"
3775,"tribe","基础词"
3776,"tribute","基础词"
3777,"trick","基础词"
3778,"trifle","基础词"
3779,"trim","基础词"
3780,"trip","基础词"
3781,"triple","基础词"
3782,"worldwide","基础词"
3783,"worm","基础词"
3784,"worry","基础词"
3785,"worse","基础词"
3786,"wound","基础词"
3787,"wrap","基础词"
3788,"wreck","基础词"
3789,"breast","基础词"
3790,"breath","基础词"
3791,"breathe","基础词"
3792,"breeze","基础词"
3793,"bribe","基础词"
3794,"bridge","基础词"
3795,"bright","基础词"
3796,"brilliant","基础词"
3797,"bring","基础词"
3798,"couple","基础词"
3799,"coupon","基础词"
3800,"courage","基础词"
3801,"course","基础词"
3802,"cow","基础词"
3803,"coward","基础词"
3804,"downtown","基础词"
3805,"down","基础词"
3806,"downward","基础词"
3807,"doze","基础词"
3808,"drag","基础词"
3809,"dragon","基础词"
3810,"drain","基础词"
3811,"drastic","基础词"
3812,"draw","基础词"
3813,"drawback","基础词"
3814,"drawer","基础词"
3815,"drawing","基础词"
3816,"exhibit","基础词"
3817,"exhibition","基础词"
3818,"exile","基础词"
3819,"exit","基础词"
3820,"forum","基础词"
3821,"forward","基础词"
3822,"foster","基础词"
3823,"foul","基础词"
3824,"foundation","基础词"
3825,"fountain","基础词"
3826,"fraction","基础词"
3827,"fracture","基础词"
3828,"fragile","基础词"
3829,"fragment","基础词"
3830,"fragrant","基础词"
3831,"mortal","基础词"
3832,"mortgage","基础词"
3833,"mosaic","基础词"
3834,"body","基础词"
3835,"boot","基础词"
3836,"booth","基础词"
3837,"boss","基础词"
3838,"botany","基础词"
3839,"bottom","基础词"
3840,"art","基础词"
3841,"artery","基础词"
3842,"article","基础词"
3843,"articulate","基础词"
3844,"artifact","基础词"
3845,"artificial","基础词"
3846,"artist","基础词"
3847,"artistic","基础词"
3848,"disrupt","基础词"
3849,"dissipate","基础词"
3850,"distance","基础词"
3851,"distant","基础词"
3852,"distill","基础词"
3853,"distress","基础词"
3854,"district","基础词"
3855,"disturb","基础词"
3856,"disturbance","基础词"
3857,"eve","基础词"
3858,"even","基础词"
3859,"event","基础词"
3860,"eventually","基础词"
3861,"ever","基础词"
3862,"for","基础词"
3863,"forbid","基础词"
3864,"forehead","基础词"
3865,"foreign","基础词"
3866,"foreigner","基础词"
3867,"look","基础词"
3868,"loom","基础词"
3869,"loop","基础词"
3870,"loose","基础词"
3871,"loosen","基础词"
3872,"lord","基础词"
3873,"lorry","基础词"
3874,"lottery","基础词"
3875,"moan","基础词"
3876,"mob","基础词"
3877,"mobile","基础词"
3878,"mobilize","基础词"
3879,"module","基础词"
3880,"mould","基础词"
3881,"pretext","基础词"
3882,"pretty","基础词"
3883,"prevail","基础词"
3884,"prevalent","基础词"
3885,"rhetoric","基础词"
3886,"rhythm","基础词"
3887,"rib","基础词"
3888,"ribbon","基础词"
3889,"rid","基础词"
3890,"riddle","基础词"
3891,"ridge","基础词"
3892,"ridiculous","基础词"
3893,"rigid","基础词"
3894,"rigorous","基础词"
3895,"rim","基础词"
3896,"riot","基础词"
3897,"static","基础词"
3898,"station","基础词"
3899,"stationary","基础词"
3900,"stationery","基础词"
3901,"steak","基础词"
3902,"steam","基础词"
3903,"steep","基础词"
3904,"stereotype","基础词"
3905,"steward","基础词"
3906,"transcend","基础词"
3907,"transistor","基础词"
3908,"transit","基础词"
3909,"transition","基础词"
3910,"translate","基础词"
3911,"transparent","基础词"
3912,"intact","基础词"
3913,"interface","基础词"
3914,"interfere","基础词"
3915,"interference","基础词"
3916,"intervene","基础词"
3917,"contemplate","基础词"
3918,"contrive","基础词"
3919,"convenience","基础词"
3920,"convenient","基础词"
3921,"conversation","基础词"
3922,"conversely","基础词"
3923,"conversion","基础词"
3924,"convert","基础词"
3925,"convict","基础词"
3926,"conviction","基础词"
3927,"convince","基础词"
3928,"lively","基础词"
3929,"liver","基础词"
3930,"living","基础词"
3931,"loaf","基础词"
3932,"loan","基础词"
3933,"lobby","基础词"
3934,"locomotive","基础词"
3935,"lodge","基础词"
3936,"lofty","基础词"
3937,"log","基础词"
3938,"long","基础词"
3939,"longitude","基础词"
3940,"discount","基础词"
3941,"discourage","基础词"
3942,"discreet","基础词"
3943,"discrete","基础词"
3944,"discretion","基础词"
3945,"discrepancy","基础词"
3946,"disguise","基础词"
3947,"disgust","基础词"
3948,"dislike","基础词"
3949,"dismay","基础词"
3950,"disposal","基础词"
3951,"dispose","基础词"
3952,"disposition","基础词"
3953,"estate","基础词"
3954,"esteem","基础词"
3955,"eternal","基础词"
3956,"evacuate","基础词"
3957,"evade","基础词"
3958,"evaporate","基础词"
3959,"fond","基础词"
3960,"fool","基础词"
3961,"foolish","基础词"
3962,"foot","基础词"
3963,"footstep","基础词"
3964,"mist","基础词"
3965,"mistake","基础词"
3966,"mistress","基础词"
3967,"misunderstand","基础词"
3968,"nuisance","基础词"
3969,"numb","基础词"
3970,"numerical","基础词"
3971,"numerous","基础词"
3972,"nursery","基础词"
3973,"nurture","基础词"
3974,"nut","基础词"
3975,"nutrition","基础词"
3976,"ought","基础词"
3977,"outbreak","基础词"
3978,"outdoor","基础词"
3979,"outfit","基础词"
3980,"outing","基础词"
3981,"outskirts","基础词"
3982,"outstanding","基础词"
3983,"retail","基础词"
3984,"retain","基础词"
3985,"retention","基础词"
3986,"retire","基础词"
3987,"retort","基础词"
3988,"retreat","基础词"
3989,"retrieve","基础词"
3990,"retrospect","基础词"
3991,"revolt","基础词"
3992,"revolution","基础词"
3993,"revolutionary","基础词"
3994,"revolve","基础词"
3995,"stalk","基础词"
3996,"stain","基础词"
3997,"stake","基础词"
3998,"stale","基础词"
3999,"stall","基础词"
4000,"staple","基础词"
4001,"stamp","基础词"
4002,"stare","基础词"
4003,"tragedy","基础词"
4004,"tragic","基础词"
4005,"tram","基础词"
4006,"bow","基础词"
4007,"bowel","基础词"
4008,"bowl","基础词"
4009,"boycott","基础词"
4010,"contact","基础词"
4011,"contagious","基础词"
4012,"contain","基础词"
4013,"contaminate","基础词"
4014,"contingent","基础词"
4015,"bump","基础词"
4016,"burn","基础词"
4017,"burst","基础词"
4018,"bury","基础词"
4019,"crime","基础词"
4020,"criminal","基础词"
4021,"cripple","基础词"
4022,"crisp","基础词"
4023,"criterion","基础词"
4024,"crop","基础词"
4025,"cross","基础词"
4026,"crow","基础词"
4027,"crowd","基础词"
4028,"crown","基础词"
4029,"exquisite","基础词"
4030,"exterior","基础词"
4031,"external","基础词"
4032,"extra","基础词"
4033,"extract","基础词"
4034,"extraordinary","基础词"
4035,"friendly","基础词"
4036,"friendship","基础词"
4037,"fright","基础词"
4038,"frighten","基础词"
4039,"fringe","基础词"
4040,"frontier","基础词"
4041,"frost","基础词"
4042,"frown","基础词"
4043,"fry","基础词"
4044,"fuel","基础词"
4045,"fume","基础词"
4046,"funeral","基础词"
4047,"humid","基础词"
4048,"humidity","基础词"
4049,"humiliate","基础词"
4050,"humour","基础词"
4051,"humourous","基础词"
4052,"hunt","基础词"
4053,"hurl","基础词"
4054,"hurricane","基础词"
4055,"hygiene","基础词"
4056,"hypocrisy","基础词"
4057,"hypothesis","基础词"
4058,"hysterical","基础词"
4059,"invent","基础词"
4060,"invention","基础词"
4061,"inventory","基础词"
4062,"inverse","基础词"
4063,"invert","基础词"
4064,"invitation","基础词"
4065,"inward","基础词"
4066,"oval","基础词"
4067,"overflow","基础词"
4068,"overhaul","基础词"
4069,"overhead","基础词"
4070,"overhear","基础词"
4071,"overnight","基础词"
4072,"overt","基础词"
4073,"overtake","基础词"
4074,"overthrow","基础词"
4075,"overtime","基础词"
4076,"prone","基础词"
4077,"pronounce","基础词"
4078,"propagate","基础词"
4079,"propaganda","基础词"
4080,"prophet","基础词"
4081,"roof","基础词"
4082,"rope","基础词"
4083,"rotate","基础词"
4084,"rot","基础词"
4085,"rotten","基础词"
4086,"rough","基础词"
4087,"round","基础词"
4088,"roundabout","基础词"
4089,"rouse","基础词"
4090,"suite","基础词"
4091,"sum","基础词"
4092,"summary","基础词"
4093,"summit","基础词"
4094,"summon","基础词"
4095,"sunrise","基础词"
4096,"sunset","基础词"
4097,"sunshine","基础词"
4098,"hug","基础词"
4099,"huge","基础词"
4100,"hum","基础词"
4101,"auction","基础词"
4102,"audience","基础词"
4103,"audio","基础词"
4104,"audit","基础词"
4105,"auditorium","基础词"
4106,"augment","基础词"
4107,"aural","基础词"
4108,"authentic","基础词"
4109,"broad","基础词"
4110,"broadcast","基础词"
4111,"bruise","基础词"
4112,"brush","基础词"
4113,"brutal","基础词"
4114,"bud","基础词"
4115,"buffer","基础词"
4116,"buffet","基础词"
4117,"bug","基础词"
4118,"crack","基础词"
4119,"cradle","基础词"
4120,"craft","基础词"
4121,"crash","基础词"
4122,"crazy","基础词"
4123,"cream","基础词"
4124,"creature","基础词"
4125,"credentials","基础词"
4126,"crawl","基础词"
4127,"creep","基础词"
4128,"crew","基础词"
4129,"draft","基础词"
4130,"dread","基础词"
4131,"dress","基础词"
4132,"drift","基础词"
4133,"drill","基础词"
4134,"drip","基础词"
4135,"drop","基础词"
4136,"drone","基础词"
4137,"drought","基础词"
4138,"drown","基础词"
4139,"drum","基础词"
4140,"expedition","基础词"
4141,"expel","基础词"
4142,"expend","基础词"
4143,"expenditure","基础词"
4144,"expense","基础词"
4145,"explanation","基础词"
4146,"explicit","基础词"
4147,"explode","基础词"
4148,"explosion","基础词"
4149,"explosive","基础词"
4150,"frame","基础词"
4151,"framework","基础词"
4152,"franchise","基础词"
4153,"frank","基础词"
4154,"fraud","基础词"
4155,"freedom","基础词"
4156,"freelance","基础词"
4157,"freeze","基础词"
4158,"freight","基础词"
4159,"frequency","基础词"
4160,"frequent","基础词"
4161,"fresh","基础词"
4162,"friction","基础词"
4163,"strife","基础词"
4164,"strive","基础词"
4165,"struggle","基础词"
4166,"strip","基础词"
4167,"stripe","基础词"
4168,"stroke","基础词"
4169,"stroll","基础词"
4170,"strong","基础词"
4171,"stubborn","基础词"
4172,"studio","基础词"
4173,"stuff","基础词"
4174,"stumble","基础词"
4175,"sturdy","基础词"
4176,"style","基础词"
4177,"submarine","基础词"
4178,"submerge","基础词"
4179,"subtract","基础词"
4180,"sudden","基础词"
4181,"tug","基础词"
4182,"tuition","基础词"
4183,"tune","基础词"
4184,"tunnel","基础词"
4185,"turbine","基础词"
4186,"turkey","基础词"
4187,"turmoil","基础词"
4188,"tutor","基础词"
4189,"automatic","基础词"
4190,"automation","基础词"
4191,"autonomy","基础词"
4192,"avenue","基础词"
4193,"avert","基础词"
4194,"await","基础词"
4195,"awe","基础词"
4196,"awful","基础词"
4197,"axe","基础词"
4198,"axis","基础词"
4199,"bulk","基础词"
4200,"bully","基础词"
4201,"but","基础词"
4202,"button","基础词"
4203,"buzz","基础词"
4204,"by","基础词"
4205,"bypass","基础词"
4206,"crude","基础词"
4207,"cruel","基础词"
4208,"cruise","基础词"
4209,"crush","基础词"
4210,"crust","基础词"
4211,"crystal","基础词"
4212,"dull","基础词"
4213,"dumb","基础词"
4214,"dump","基础词"
4215,"duplicate","基础词"
4216,"dusk","基础词"
4217,"dwarf","基础词"
4218,"dwell","基础词"
4219,"dye","基础词"
4220,"dynasty","基础词"
4221,"fur","基础词"
4222,"furnish","基础词"
4223,"further","基础词"
4224,"furthermore","基础词"
4225,"fuse","基础词"
4226,"fuss","基础词"
4227,"futile","基础词"
4228,"iron","基础词"
4229,"irony","基础词"
4230,"irrespective","基础词"
4231,"irrigate","基础词"
4232,"irritate","基础词"
4233,"isle","基础词"
4234,"isolate","基础词"
4235,"ivory","基础词"
4236,"musical","基础词"
4237,"musician","基础词"
4238,"mute","基础词"
4239,"mutter","基础词"
4240,"owe","基础词"
4241,"owing","基础词"
4242,"owner","基础词"
4243,"ownership","基础词"
4244,"ozone","基础词"
4245,"prosecute","基础词"
4246,"prosper","基础词"
4247,"prosperity","基础词"
4248,"prosperous","基础词"
4249,"protect","基础词"
4250,"protein","基础词"
4251,"protest","基础词"
4252,"prototype","基础词"
4253,"proud","基础词"
4254,"province","基础词"
4255,"provision","基础词"
4256,"provoke","基础词"
4257,"royal","基础词"
4258,"royalty","基础词"
4259,"rub","基础词"
4260,"rubber","基础词"
4261,"rude","基础词"
4262,"ruin","基础词"
4263,"supermarket","基础词"
4264,"supersonic","基础词"
4265,"superstition","基础词"
4266,"surrender","基础词"
4267,"surround","基础词"
4268,"surroundings","基础词"
4269,"cycle","基础词"
4270,"cylinder","基础词"
4271,"cube","基础词"
4272,"cue","基础词"
4273,"cunning","基础词"
4274,"curb","基础词"
4275,"cure","基础词"
4276,"curl","基础词"
4277,"curriculum","基础词"
4278,"curse","基础词"
4279,"curve","基础词"
4280,"custom","基础词"
4281,"cyberspace","基础词"
4282,"surface","基础词"
4283,"surge","基础词"
4284,"surgeon","基础词"
4285,"surgery","基础词"
4286,"swallow","基础词"
4287,"swamp","基础词"
4288,"sway","基础词"
4289,"sweat","基础词"
4290,"sweep","基础词"
4291,"swift","基础词"
4292,"swim","基础词"
4293,"symbol","基础词"
4294,"symmetry","基础词"
4295,"sympathetic","基础词"
4296,"sympathize","基础词"
4297,"sympathy","基础词"
4298,"symphony","基础词"
4299,"symposium","基础词"
4300,"symptom","基础词"
4301,"syndrome","基础词"
4302,"synthesis","基础词"
4303,"synthetic","基础词"
4304,"much","基础词"
4305,"mud","基础词"
4306,"mug","基础词"
4307,"murder","基础词"
4308,"murmur","基础词"
4309,"multiple","基础词"
4310,"multiply","基础词"
4311,"multitude","基础词"
4312,"municipal","基础词"
4313,"muscle","基础词"
4314,"muscular","基础词"
4315,"puff","基础词"
4316,"pull","基础词"
4317,"pulse","基础词"
4318,"pump","基础词"
4319,"punch","基础词"
4320,"punctual","基础词"
4321,"punish","基础词"
4322,"puppet","基础词"
4323,"pure","基础词"
4324,"purify","基础词"
4325,"purpose","基础词"
4326,"purse","基础词"
4327,"rumour","基础词"
4328,"run","基础词"
4329,"rural","基础词"
4330,"rush","基础词"
4331,"rust","基础词"
4332,"ruthless","基础词"
4333,"attendant","基础词"
4334,"attorney","基础词"
4335,"attract","基础词"
4336,"attractive","基础词"
4337,"bunch","基础词"
4338,"bundle","基础词"
4339,"burden","基础词"
4340,"bureau","基础词"
4341,"bureaucracy","基础词"
4342,"burglar","基础词"
4343,"troop","基础词"
4344,"tropic","基础词"
4345,"tropical","基础词"
4346,"troublesome","基础词"
4347,"true","基础词"
4348,"trust","基础词"
4349,"trunk","基础词"
4350,"tube","基础词"
4351,"tuck","基础词"
4352,"twin","基础词"
4353,"twinkle","基础词"
4354,"wrench","基础词"
4355,"wrinkle","基础词"
4356,"wrist","基础词"
4357,"about","简单基础词"
4358,"accustom","简单基础词"
4359,"acre","简单基础词"
4360,"actor","简单基础词"
4361,"actress","简单基础词"
4362,"adjective","简单基础词"
4363,"administer","简单基础词"
4364,"airplane","简单基础词"
4365,"afraid","简单基础词"
4366,"after","简单基础词"
4367,"aftermath","简单基础词"
4368,"afternoon","简单基础词"
4369,"again","简单基础词"
4370,"agent","简单基础词"
4371,"ago","简单基础词"
4372,"agree","简单基础词"
4373,"agriculture","简单基础词"
4374,"air","简单基础词"
4375,"albeit","简单基础词"
4376,"album","简单基础词"
4377,"alcohol","简单基础词"
4378,"almost","简单基础词"
4379,"aloud","简单基础词"
4380,"already","简单基础词"
4381,"also","简单基础词"
4382,"aluminum","简单基础词"
4383,"always","简单基础词"
4384,"ambulance","简单基础词"
4385,"animal","简单基础词"
4386,"another","简单基础词"
4387,"ant","简单基础词"
4388,"archeology","简单基础词"
4389,"April","简单基础词"
4390,"arithmetic","简单基础词"
4391,"aside","简单基础词"
4392,"astronaut","简单基础词"
4393,"astronomy","简单基础词"
4394,"atom","简单基础词"
4395,"ask","简单基础词"
4396,"at","简单基础词"
4397,"athlete","简单基础词"
4398,"auto","简单基础词"
4399,"autumn","简单基础词"
4400,"aviation","简单基础词"
4401,"away","简单基础词"
4402,"bacon","简单基础词"
4403,"bag","简单基础词"
4404,"balcony","简单基础词"
4405,"balloon","简单基础词"
4406,"banana","简单基础词"
4407,"bank","简单基础词"
4408,"barber","简单基础词"
4409,"baseball","简单基础词"
4410,"basket","简单基础词"
4411,"basin","简单基础词"
4412,"basketball","简单基础词"
4413,"bat","简单基础词"
4414,"bathroom","简单基础词"
4415,"be","简单基础词"
4416,"beach","简单基础词"
4417,"bean","简单基础词"
4418,"beautiful","简单基础词"
4419,"beauty","简单基础词"
4420,"because","简单基础词"
4421,"bed","简单基础词"
4422,"bee","简单基础词"
4423,"beef","简单基础词"
4424,"beer","简单基础词"
4425,"bell","简单基础词"
4426,"best","简单基础词"
4427,"beverage","简单基础词"
4428,"bible","简单基础词"
4429,"big","简单基础词"
4430,"bird","简单基础词"
4431,"birthday","简单基础词"
4432,"biscuit","简单基础词"
4433,"black","简单基础词"
4434,"blackboard","简单基础词"
4435,"blog","简单基础词"
4436,"blouse","简单基础词"
4437,"blue","简单基础词"
4438,"boil","简单基础词"
4439,"borrow","简单基础词"
4440,"both","简单基础词"
4441,"bowling","简单基础词"
4442,"box","简单基础词"
4443,"boy","简单基础词"
4444,"brandy","简单基础词"
4445,"breakfast","简单基础词"
4446,"brick","简单基础词"
4447,"bride","简单基础词"
4448,"briefcase","简单基础词"
4449,"brochure","简单基础词"
4450,"broker","简单基础词"
4451,"bronze","简单基础词"
4452,"broom","简单基础词"
4453,"brother","简单基础词"
4454,"brow","简单基础词"
4455,"brown","简单基础词"
4456,"bucket","简单基础词"
4457,"bulb","简单基础词"
4458,"bull","简单基础词"
4459,"bullet","简单基础词"
4460,"bulletin","简单基础词"
4461,"bus","简单基础词"
4462,"bush","简单基础词"
4463,"busy","简单基础词"
4464,"butcher","简单基础词"
4465,"butter","简单基础词"
4466,"butterfly","简单基础词"
4467,"buy","简单基础词"
4468,"cabbage","简单基础词"
4469,"cabin","简单基础词"
4470,"cafe","简单基础词"
4471,"cafeteria","简单基础词"
4472,"cage","简单基础词"
4473,"cake","简单基础词"
4474,"calcium","简单基础词"
4475,"camera","简单基础词"
4476,"canal","简单基础词"
4477,"candle","简单基础词"
4478,"candy","简单基础词"
4479,"cannon","简单基础词"
4480,"canoe","简单基础词"
4481,"canteen","简单基础词"
4482,"canvas","简单基础词"
4483,"cap","简单基础词"
4484,"capsule","简单基础词"
4485,"car","简单基础词"
4486,"card","简单基础词"
4487,"care","简单基础词"
4488,"carpenter","简单基础词"
4489,"carpet","简单基础词"
4490,"cart","简单基础词"
4491,"cartoon","简单基础词"
4492,"cassette","简单基础词"
4493,"castle","简单基础词"
4494,"cat","简单基础词"
4495,"cathedral","简单基础词"
4496,"Catholic","简单基础词"
4497,"cattle","简单基础词"
4498,"cave","简单基础词"
4499,"cellar","简单基础词"
4500,"cemetery","简单基础词"
4501,"chalk","简单基础词"
4502,"cheap","简单基础词"
4503,"cheek","简单基础词"
4504,"cheese","简单基础词"
4505,"chef","简单基础词"
4506,"chemist","简单基础词"
4507,"chemistry","简单基础词"
4508,"cherry","简单基础词"
4509,"chess","简单基础词"
4510,"chicken","简单基础词"
4511,"child","简单基础词"
4512,"chimney","简单基础词"
4513,"chin","简单基础词"
4514,"china","简单基础词"
4515,"chocolate","简单基础词"
4516,"choir","简单基础词"
4517,"Christ","简单基础词"
4518,"Christian","简单基础词"
4519,"Christmas","简单基础词"
4520,"church","简单基础词"
4521,"cigar","简单基础词"
4522,"cigarette","简单基础词"
4523,"cinema","简单基础词"
4524,"circus","简单基础词"
4525,"city","简单基础词"
4526,"classmate","简单基础词"
4527,"claw","简单基础词"
4528,"clay","简单基础词"
4529,"clean","简单基础词"
4530,"clergy","简单基础词"
4531,"clerk","简单基础词"
4532,"clever","简单基础词"
4533,"cliff","简单基础词"
4534,"clinic","简单基础词"
4535,"club","简单基础词"
4536,"coal","简单基础词"
4537,"coast","简单基础词"
4538,"coat","简单基础词"
4539,"cocaine","简单基础词"
4540,"cock","简单基础词"
4541,"coffee","简单基础词"
4542,"coil","简单基础词"
4543,"cold","简单基础词"
4544,"college","简单基础词"
4545,"collision","简单基础词"
4546,"comb","简单基础词"
4547,"comrade","简单基础词"
4548,"continent","简单基础词"
4549,"cook","简单基础词"
4550,"cop","简单基础词"
4551,"corner","简单基础词"
4552,"corridor","简单基础词"
4553,"costly","简单基础词"
4554,"cottage","简单基础词"
4555,"cotton","简单基础词"
4556,"cough","简单基础词"
4557,"could","简单基础词"
4558,"courtyard","简单基础词"
4559,"cousin","简单基础词"
4560,"crab","简单基础词"
4561,"crane","简单基础词"
4562,"cricket","简单基础词"
4563,"cry","简单基础词"
4564,"cucumber","简单基础词"
4565,"cupboard","简单基础词"
4566,"curtain","简单基础词"
4567,"cushion","简单基础词"
4568,"custody","简单基础词"
4569,"customer","简单基础词"
4570,"dairy","简单基础词"
4571,"dam","简单基础词"
4572,"danger","简单基础词"
4573,"dangerous","简单基础词"
4574,"dare","简单基础词"
4575,"darling","简单基础词"
4576,"dark","简单基础词"
4577,"dear","简单基础词"
4578,"death","简单基础词"
4579,"December","简单基础词"
4580,"deep","简单基础词"
4581,"deer","简单基础词"
4582,"defence","简单基础词"
4583,"dental","简单基础词"
4584,"dispatch","简单基础词"
4585,"dessert","简单基础词"
4586,"destroy","简单基础词"
4587,"dew","简单基础词"
4588,"dialogue","简单基础词"
4589,"diamond","简单基础词"
4590,"diary","简单基础词"
4591,"dictionary","简单基础词"
4592,"die","简单基础词"
4593,"different","简单基础词"
4594,"difficult","简单基础词"
4595,"difficulty","简单基础词"
4596,"dinner","简单基础词"
4597,"direct","简单基础词"
4598,"directly","简单基础词"
4599,"dirt","简单基础词"
4600,"discourse","简单基础词"
4601,"disk","简单基础词"
4602,"ditch","简单基础词"
4603,"dome","简单基础词"
4604,"donkey","简单基础词"
4605,"doorway","简单基础词"
4606,"dormitory","简单基础词"
4607,"dove","简单基础词"
4608,"downstairs","简单基础词"
4609,"dozen","简单基础词"
4610,"dream","简单基础词"
4611,"drunk","简单基础词"
4612,"during","简单基础词"
4613,"dust","简单基础词"
4614,"dwelling","简单基础词"
4615,"eagle","简单基础词"
4616,"earthquake","简单基础词"
4617,"Easter","简单基础词"
4618,"eclipse","简单基础词"
4619,"elder","简单基础词"
4620,"electricity","简单基础词"
4621,"electron","简单基础词"
4622,"electronic","简单基础词"
4623,"else","简单基础词"
4624,"embassy","简单基础词"
4625,"emperor","简单基础词"
4626,"encyclopedia","简单基础词"
4627,"ending","简单基础词"
4628,"enemy","简单基础词"
4629,"enjoy","简单基础词"
4630,"enough","简单基础词"
4631,"enter","简单基础词"
4632,"envelope","简单基础词"
4633,"exam","简单基础词"
4634,"excellent","简单基础词"
4635,"excessive","简单基础词"
4636,"excite","简单基础词"
4637,"exciting","简单基础词"
4638,"expensive","简单基础词"
4639,"explain","简单基础词"
4640,"eyebrow","简单基础词"
4641,"eyesight","简单基础词"
4642,"famous","简单基础词"
4643,"fairy","简单基础词"
4644,"far","简单基础词"
4645,"farm","简单基础词"
4646,"farmer","简单基础词"
4647,"fertilizer","简单基础词"
4648,"festival","简单基础词"
4649,"few","简单基础词"
4650,"finger","简单基础词"
4651,"fist","简单基础词"
4652,"flag","简单基础词"
4653,"fleet","简单基础词"
4654,"floor","简单基础词"
4655,"flour","简单基础词"
4656,"flower","简单基础词"
4657,"forest","简单基础词"
4658,"forever","简单基础词"
4659,"forget","简单基础词"
4660,"fork","简单基础词"
4661,"fossil","简单基础词"
4662,"found","简单基础词"
4663,"fox","简单基础词"
4664,"fridge","简单基础词"
4665,"frog","简单基础词"
4666,"front","简单基础词"
4667,"full","简单基础词"
4668,"fun","简单基础词"
4669,"furious","简单基础词"
4670,"furnace","简单基础词"
4671,"furniture","简单基础词"
4672,"gadget","简单基础词"
4673,"gallon","简单基础词"
4674,"garden","简单基础词"
4675,"garlic","简单基础词"
4676,"garment","简单基础词"
4677,"gasoline","简单基础词"
4678,"gate","简单基础词"
4679,"genetic","简单基础词"
4680,"gentleman","简单基础词"
4681,"glass","简单基础词"
4682,"glove","简单基础词"
4683,"god","简单基础词"
4684,"golf","简单基础词"
4685,"goodness","简单基础词"
4686,"goose","简单基础词"
4687,"grammar","简单基础词"
4688,"grass","简单基础词"
4689,"gray","简单基础词"
4690,"guess","简单基础词"
4691,"guest","简单基础词"
4692,"guitar","简单基础词"
4693,"gulf","简单基础词"
4694,"guy","简单基础词"
4695,"gymnasium","简单基础词"
4696,"hamburger","简单基础词"
4697,"handkerchief","简单基础词"
4698,"handsome","简单基础词"
4699,"harness","简单基础词"
4700,"hate","简单基础词"
4701,"headache","简单基础词"
4702,"headmaster","简单基础词"
4703,"hen","简单基础词"
4704,"hi","简单基础词"
4705,"hide","简单基础词"
4706,"high","简单基础词"
4707,"historic","简单基础词"
4708,"history","简单基础词"
4709,"hole","简单基础词"
4710,"home","简单基础词"
4711,"honey","简单基础词"
4712,"hopeful","简单基础词"
4713,"hospital","简单基础词"
4714,"hot","简单基础词"
4715,"housewife","简单基础词"
4716,"housework","简单基础词"
4717,"hungry","简单基础词"
4718,"hurry","简单基础词"
4719,"hurt","简单基础词"
4720,"hut","简单基础词"
4721,"hybrid","简单基础词"
4722,"hydrogen","简单基础词"
4723,"ice cream","简单基础词"
4724,"icon","简单基础词"
4725,"idea","简单基础词"
4726,"idiot","简单基础词"
4727,"inch","简单基础词"
4728,"inn","简单基础词"
4729,"insect","简单基础词"
4730,"instead","简单基础词"
4731,"interesting","简单基础词"
4732,"invite","简单基础词"
4733,"jar","简单基础词"
4734,"jazz","简单基础词"
4735,"join","简单基础词"
4736,"joke","简单基础词"
4737,"joy","简单基础词"
4738,"jug","简单基础词"
4739,"just","简单基础词"
4740,"keep","简单基础词"
4741,"kettle","简单基础词"
4742,"kick","简单基础词"
4743,"kilometer","简单基础词"
4744,"kindergarten","简单基础词"
4745,"knock","简单基础词"
4746,"lab","简单基础词"
4747,"ladder","简单基础词"
4748,"lamp","简单基础词"
4749,"land","简单基础词"
4750,"landlady","简单基础词"
4751,"landlord","简单基础词"
4752,"landscape","简单基础词"
4753,"laptop","简单基础词"
4754,"Latin","简单基础词"
4755,"lavatory","简单基础词"
4756,"lawn","简单基础词"
4757,"lawyer","简单基础词"
4758,"layoff","简单基础词"
4759,"least","简单基础词"
4760,"lemon","简单基础词"
4761,"length","简单基础词"
4762,"let","简单基础词"
4763,"liberty","简单基础词"
4764,"librarian","简单基础词"
4765,"lip","简单基础词"
4766,"liter","简单基础词"
4767,"literacy","简单基础词"
4768,"living room","简单基础词"
4769,"load","简单基础词"
4770,"lock","简单基础词"
4771,"locker","简单基础词"
4772,"lonely","简单基础词"
4773,"lounge","简单基础词"
4774,"lovely","简单基础词"
4775,"lover","简单基础词"
4776,"luggage","简单基础词"
4777,"lure","简单基础词"
4778,"magazine","简单基础词"
4779,"mail","简单基础词"
4780,"mammal","简单基础词"
4781,"manager","简单基础词"
4782,"masculine","简单基础词"
4783,"mathematics","简单基础词"
4784,"meadow","简单基础词"
4785,"meal","简单基础词"
4786,"melon","简单基础词"
4787,"menu","简单基础词"
4788,"middle","简单基础词"
4789,"millimeter","简单基础词"
4790,"more","简单基础词"
4791,"mosquito","简单基础词"
4792,"mountain","简单基础词"
4793,"mouse","简单基础词"
4794,"movement","简单基础词"
4795,"movie","简单基础词"
4796,"museum","简单基础词"
4797,"mushroom","简单基础词"
4798,"napkin","简单基础词"
4799,"neck","简单基础词"
4800,"neighbor","简单基础词"
4801,"neither","简单基础词"
4802,"nephew","简单基础词"
4803,"nickel","简单基础词"
4804,"nitrogen","简单基础词"
4805,"niece","简单基础词"
4806,"nobody","简单基础词"
4807,"nod","简单基础词"
4808,"noisy","简单基础词"
4809,"nor","简单基础词"
4810,"northwest","简单基础词"
4811,"nose","简单基础词"
4812,"noun","简单基础词"
4813,"nurse","简单基础词"
4814,"nylon","简单基础词"
4815,"oak","简单基础词"
4816,"ocean","简单基础词"
4817,"offensive","简单基础词"
4818,"oil","简单基础词"
4819,"onion","简单基础词"
4820,"orchard","简单基础词"
4821,"orchestra","简单基础词"
4822,"ore","简单基础词"
4823,"orphan","简单基础词"
4824,"ounce","简单基础词"
4825,"oven","简单基础词"
4826,"overcoat","简单基础词"
4827,"owl","简单基础词"
4828,"oxide","简单基础词"
4829,"oxygen","简单基础词"
4830,"packet","简单基础词"
4831,"page","简单基础词"
4832,"painting","简单基础词"
4833,"palace","简单基础词"
4834,"pan","简单基础词"
4835,"pants","简单基础词"
4836,"party","简单基础词"
4837,"passenger","简单基础词"
4838,"pasture","简单基础词"
4839,"patient","简单基础词"
4840,"paw","简单基础词"
4841,"pea","简单基础词"
4842,"peace","简单基础词"
4843,"peach","简单基础词"
4844,"peanut","简单基础词"
4845,"peasant","简单基础词"
4846,"pebble","简单基础词"
4847,"pendulum","简单基础词"
4848,"pepper","简单基础词"
4849,"percent","简单基础词"
4850,"perhaps","简单基础词"
4851,"person","简单基础词"
4852,"pet","简单基础词"
4853,"physicist","简单基础词"
4854,"physics","简单基础词"
4855,"physiology","简单基础词"
4856,"pick","简单基础词"
4857,"piece","简单基础词"
4858,"pigeon","简单基础词"
4859,"pillow","简单基础词"
4860,"pine","简单基础词"
4861,"pink","简单基础词"
4862,"pity","简单基础词"
4863,"plaintiff","简单基础词"
4864,"plan","简单基础词"
4865,"plane","简单基础词"
4866,"playground","简单基础词"
4867,"pleasant","简单基础词"
4868,"plenty","简单基础词"
4869,"poem","简单基础词"
4870,"poet","简单基础词"
4871,"poetry","简单基础词"
4872,"pond","简单基础词"
4873,"population","简单基础词"
4874,"porch","简单基础词"
4875,"pork","简单基础词"
4876,"port","简单基础词"
4877,"postcard","简单基础词"
4878,"pottery","简单基础词"
4879,"poultry","简单基础词"
4880,"powerful","简单基础词"
4881,"predator","简单基础词"
4882,"prefer","简单基础词"
4883,"prepare","简单基础词"
4884,"preposition","简单基础词"
4885,"president","简单基础词"
4886,"pretend","简单基础词"
4887,"price","简单基础词"
4888,"prince","简单基础词"
4889,"princess","简单基础词"
4890,"print","简单基础词"
4891,"prison","简单基础词"
4892,"prisoner","简单基础词"
4893,"professor","简单基础词"
4894,"progress","简单基础词"
4895,"projector","简单基础词"
4896,"pronoun","简单基础词"
4897,"pronunciation","简单基础词"
4898,"prose","简单基础词"
4899,"pub","简单基础词"
4900,"pupil","简单基础词"
4901,"purple","简单基础词"
4902,"pyramid","简单基础词"
4903,"queen","简单基础词"
4904,"quilt","简单基础词"
4905,"rabbit","简单基础词"
4906,"radar","简单基础词"
4907,"rainbow","简单基础词"
4908,"rat","简单基础词"
4909,"rather","简单基础词"
4910,"razor","简单基础词"
4911,"real","简单基础词"
4912,"really","简单基础词"
4913,"record","简单基础词"
4914,"regret","简单基础词"
4915,"reptile","简单基础词"
4916,"rectangle","简单基础词"
4917,"return","简单基础词"
4918,"rifle","简单基础词"
4919,"ring","简单基础词"
4920,"robe","简单基础词"
4921,"rocket","简单基础词"
4922,"rose","简单基础词"
4923,"rug","简单基础词"
4924,"sale","简单基础词"
4925,"salesman","简单基础词"
4926,"salient","简单基础词"
4927,"salt","简单基础词"
4928,"sand","简单基础词"
4929,"scissors","简单基础词"
4930,"search","简单基础词"
4931,"seat","简单基础词"
4932,"seed","简单基础词"
4933,"seldom","简单基础词"
4934,"sex","简单基础词"
4935,"shell","简单基础词"
4936,"shore","简单基础词"
4937,"short","简单基础词"
4938,"shout","简单基础词"
4939,"shrug","简单基础词"
4940,"sibling","简单基础词"
4941,"silk","简单基础词"
4942,"slave","简单基础词"
4943,"slow","简单基础词"
4944,"smoke","简单基础词"
4945,"snack","简单基础词"
4946,"soap","简单基础词"
4947,"soccer","简单基础词"
4948,"soda","简单基础词"
4949,"sofa","简单基础词"
4950,"soft","简单基础词"
4951,"soldier","简单基础词"
4952,"solitary","简单基础词"
4953,"soon","简单基础词"
4954,"sophomore","简单基础词"
4955,"soup","简单基础词"
4956,"southeast","简单基础词"
4957,"southwest","简单基础词"
4958,"spade","简单基础词"
4959,"speaker","简单基础词"
4960,"spear","简单基础词"
4961,"spectacular","简单基础词"
4962,"speech","简单基础词"
4963,"speed","简单基础词"
4964,"spider","简单基础词"
4965,"spokesman","简单基础词"
4966,"sponge","简单基础词"
4967,"spoon","简单基础词"
4968,"squirrel","简单基础词"
4969,"stadium","简单基础词"
4970,"stair","简单基础词"
4971,"staircase","简单基础词"
4972,"stairway","简单基础词"
4973,"steel","简单基础词"
4974,"stereo","简单基础词"
4975,"stocking","简单基础词"
4976,"stomach","简单基础词"
4977,"stone","简单基础词"
4978,"stool","简单基础词"
4979,"storey","简单基础词"
4980,"strawberry","简单基础词"
4981,"stove","简单基础词"
4982,"strict","简单基础词"
4983,"stupid","简单基础词"
4984,"subsidy","简单基础词"
4985,"suburb","简单基础词"
4986,"sugar","简单基础词"
4987,"sulfur","简单基础词"
4988,"summarize","简单基础词"
4989,"sure","简单基础词"
4990,"swan","简单基础词"
4991,"sweater","简单基础词"
4992,"sword","简单基础词"
4993,"table","简单基础词"
4994,"tail","简单基础词"
4995,"task","简单基础词"
4996,"team","简单基础词"
4997,"temperament","简单基础词"
4998,"tent","简单基础词"
4999,"test","简单基础词"
5000,"testimony","简单基础词"
5001,"textbook","简单基础词"
5002,"thief","简单基础词"
5003,"throat","简单基础词"
5004,"thus","简单基础词"
5005,"tile","简单基础词"
5006,"till","简单基础词"
5007,"timber","简单基础词"
5008,"tobacco","简单基础词"
5009,"toe","简单基础词"
5010,"toilet","简单基础词"
5011,"tooth","简单基础词"
5012,"tour","简单基础词"
5013,"tourist","简单基础词"
5014,"towel","简单基础词"
5015,"town","简单基础词"
5016,"toy","简单基础词"
5017,"tractor","简单基础词"
5018,"tray","简单基础词"
5019,"trolley","简单基础词"
5020,"trousers","简单基础词"
5021,"truck","简单基础词"
5022,"trumpet","简单基础词"
5023,"truth","简单基础词"
5024,"tub","简单基础词"
5025,"tumor","简单基础词"
5026,"typewriter","简单基础词"
5027,"typist","简单基础词"
5028,"typhoon","简单基础词"
5029,"until","简单基础词"
5030,"upon","简单基础词"
5031,"used","简单基础词"
5032,"valley","简单基础词"
5033,"vegetable","简单基础词"
5034,"vase","简单基础词"
5035,"venue","简单基础词"
5036,"verb","简单基础词"
5037,"victory","简单基础词"
5038,"vigorous","简单基础词"
5039,"village","简单基础词"
5040,"visa","简单基础词"
5041,"visit","简单基础词"
5042,"visitor","简单基础词"
5043,"vocabulary","简单基础词"
5044,"vitamin","简单基础词"
5045,"volt","简单基础词"
5046,"voltage","简单基础词"
5047,"wait","简单基础词"
5048,"waiter","简单基础词"
5049,"waitress","简单基础词"
5050,"wall","简单基础词"
5051,"wallet","简单基础词"
5052,"warm","简单基础词"
5053,"wary","简单基础词"
5054,"watt","简单基础词"
5055,"wedding","简单基础词"
5056,"west","简单基础词"
5057,"western","简单基础词"
5058,"wheat","简单基础词"
5059,"wheel","简单基础词"
5060,"whether","简单基础词"
5061,"whisky","简单基础词"
5062,"white","简单基础词"
5063,"wide","简单基础词"
5064,"widow","简单基础词"
5065,"willing","简单基础词"
5066,"wing","简单基础词"
5067,"wolf","简单基础词"
5068,"wool","简单基础词"
5069,"worst","简单基础词"
5070,"youngster","简单基础词"
5071,"a","简单基础词"
5072,"adverb","简单基础词"
5073,"airline","简单基础词"
5074,"airport","简单基础词"
5075,"anyone","简单基础词"
5076,"apple","简单基础词"
5077,"asleep","简单基础词"
5078,"August","简单基础词"
5079,"aunt","简单基础词"
5080,"baby","简单基础词"
5081,"back","简单基础词"
5082,"ball","简单基础词"
5083,"bicycle","简单基础词"
5084,"boat","简单基础词"
5085,"book","简单基础词"
5086,"bottle","简单基础词"
5087,"bread","简单基础词"
5088,"classroom","简单基础词"
5089,"clock","简单基础词"
5090,"color","简单基础词"
5091,"computer","简单基础词"
5092,"cup","简单基础词"
5093,"daughter","简单基础词"
5094,"day","简单基础词"
5095,"dentist","简单基础词"
5096,"desk","简单基础词"
5097,"dirty","简单基础词"
5098,"dish","简单基础词"
5099,"do","简单基础词"
5100,"doctor","简单基础词"
5101,"dog","简单基础词"
5102,"doll","简单基础词"
5103,"dollar","简单基础词"
5104,"door","简单基础词"
5105,"drink","简单基础词"
5106,"driver","简单基础词"
5107,"dry","简单基础词"
5108,"duck","简单基础词"
5109,"each","简单基础词"
5110,"early","简单基础词"
5111,"earn","简单基础词"
5112,"eastern","简单基础词"
5113,"easy","简单基础词"
5114,"eat","简单基础词"
5115,"egg","简单基础词"
5116,"eight","简单基础词"
5117,"eighteen","简单基础词"
5118,"eighty","简单基础词"
5119,"elephant","简单基础词"
5120,"eleven","简单基础词"
5121,"e-mail","简单基础词"
5122,"evening","简单基础词"
5123,"every","简单基础词"
5124,"everybody","简单基础词"
5125,"everyday","简单基础词"
5126,"everyone","简单基础词"
5127,"everything","简单基础词"
5128,"everywhere","简单基础词"
5129,"example","简单基础词"
5130,"eye","简单基础词"
5131,"fact","简单基础词"
5132,"factory","简单基础词"
5133,"fat","简单基础词"
5134,"father","简单基础词"
5135,"February","简单基础词"
5136,"feel","简单基础词"
5137,"fifteen","简单基础词"
5138,"fifty","简单基础词"
5139,"find","简单基础词"
5140,"five","简单基础词"
5141,"food","简单基础词"
5142,"football","简单基础词"
5143,"forty","简单基础词"
5144,"four","简单基础词"
5145,"fourteen","简单基础词"
5146,"free","简单基础词"
5147,"friend","简单基础词"
5148,"Friday","简单基础词"
5149,"from","简单基础词"
5150,"fruit","简单基础词"
5151,"funny","简单基础词"
5152,"future","简单基础词"
5153,"game","简单基础词"
5154,"get","简单基础词"
5155,"girl","简单基础词"
5156,"glad","简单基础词"
5157,"go","简单基础词"
5158,"good","简单基础词"
5159,"goodbye","简单基础词"
5160,"grandmother","简单基础词"
5161,"grape","简单基础词"
5162,"great","简单基础词"
5163,"hair","简单基础词"
5164,"half","简单基础词"
5165,"handwriting","简单基础词"
5166,"happy","简单基础词"
5167,"hat","简单基础词"
5168,"have","简单基础词"
5169,"head","简单基础词"
5170,"hear","简单基础词"
5171,"hello","简单基础词"
5172,"help","简单基础词"
5173,"her","简单基础词"
5174,"here","简单基础词"
5175,"hers","简单基础词"
5176,"herself","简单基础词"
5177,"highway","简单基础词"
5178,"hill","简单基础词"
5179,"him","简单基础词"
5180,"himself","简单基础词"
5181,"his","简单基础词"
5182,"hit","简单基础词"
5183,"holiday","简单基础词"
5184,"homework","简单基础词"
5185,"hope","简单基础词"
5186,"horse","简单基础词"
5187,"hotel","简单基础词"
5188,"hour","简单基础词"
5189,"house","简单基础词"
5190,"how","简单基础词"
5191,"hundred","简单基础词"
5192,"hunger","简单基础词"
5193,"husband","简单基础词"
5194,"impossible","简单基础词"
5195,"in","简单基础词"
5196,"Internet","简单基础词"
5197,"into","简单基础词"
5198,"island","简单基础词"
5199,"it","简单基础词"
5200,"its","简单基础词"
5201,"itself","简单基础词"
5202,"jacket","简单基础词"
5203,"January","简单基础词"
5204,"job","简单基础词"
5205,"juice","简单基础词"
5206,"July","简单基础词"
5207,"jump","简单基础词"
5208,"June","简单基础词"
5209,"kilo","简单基础词"
5210,"kind","简单基础词"
5211,"kiss","简单基础词"
5212,"kitchen","简单基础词"
5213,"kite","简单基础词"
5214,"knife","简单基础词"
5215,"know","简单基础词"
5216,"lady","简单基础词"
5217,"lake","简单基础词"
5218,"language","简单基础词"
5219,"large","简单基础词"
5220,"last","简单基础词"
5221,"laugh","简单基础词"
5222,"lazy","简单基础词"
5223,"learn","简单基础词"
5224,"leave","简单基础词"
5225,"left","简单基础词"
5226,"leg","简单基础词"
5227,"less","简单基础词"
5228,"lesson","简单基础词"
5229,"letter","简单基础词"
5230,"library","简单基础词"
5231,"like","简单基础词"
5232,"line","简单基础词"
5233,"lion","简单基础词"
5234,"listen","简单基础词"
5235,"little","简单基础词"
5236,"live","简单基础词"
5237,"lot","简单基础词"
5238,"loud","简单基础词"
5239,"love","简单基础词"
5240,"lunch","简单基础词"
5241,"maid","简单基础词"
5242,"man","简单基础词"
5243,"many","简单基础词"
5244,"map","简单基础词"
5245,"market","简单基础词"
5246,"marriage","简单基础词"
5247,"marry","简单基础词"
5248,"matter","简单基础词"
5249,"maybe","简单基础词"
5250,"me","简单基础词"
5251,"meat","简单基础词"
5252,"meeting","简单基础词"
5253,"might","简单基础词"
5254,"mile","简单基础词"
5255,"milk","简单基础词"
5256,"million","简单基础词"
5257,"moment","简单基础词"
5258,"Monday","简单基础词"
5259,"money","简单基础词"
5260,"monkey","简单基础词"
5261,"month","简单基础词"
5262,"moon","简单基础词"
5263,"morning","简单基础词"
5264,"most","简单基础词"
5265,"motel","简单基础词"
5266,"mother","简单基础词"
5267,"mouth","简单基础词"
5268,"music","简单基础词"
5269,"must","简单基础词"
5270,"my","简单基础词"
5271,"myself","简单基础词"
5272,"name","简单基础词"
5273,"near","简单基础词"
5274,"need","简单基础词"
5275,"never","简单基础词"
5276,"news","简单基础词"
5277,"newspaper","简单基础词"
5278,"next","简单基础词"
5279,"nice","简单基础词"
5280,"night","简单基础词"
5281,"nine","简单基础词"
5282,"nineteen","简单基础词"
5283,"ninety","简单基础词"
5284,"no","简单基础词"
5285,"noise","简单基础词"
5286,"nonetheless","简单基础词"
5287,"noodle","简单基础词"
5288,"noon","简单基础词"
5289,"north","简单基础词"
5290,"northeast","简单基础词"
5291,"northern","简单基础词"
5292,"not","简单基础词"
5293,"notebook","简单基础词"
5294,"November","简单基础词"
5295,"now","简单基础词"
5296,"number","简单基础词"
5297,"o'clock","简单基础词"
5298,"October","简单基础词"
5299,"of","简单基础词"
5300,"off","简单基础词"
5301,"often","简单基础词"
5302,"okay","简单基础词"
5303,"old","简单基础词"
5304,"on","简单基础词"
5305,"once","简单基础词"
5306,"one","简单基础词"
5307,"oneself","简单基础词"
5308,"only","简单基础词"
5309,"onto","简单基础词"
5310,"open","简单基础词"
5311,"or","简单基础词"
5312,"orange","简单基础词"
5313,"our","简单基础词"
5314,"ours","简单基础词"
5315,"ourselves","简单基础词"
5316,"out","简单基础词"
5317,"over","简单基础词"
5318,"own","简单基础词"
5319,"ox","简单基础词"
5320,"panda","简单基础词"
5321,"parent","简单基础词"
5322,"park","简单基础词"
5323,"pass","简单基础词"
5324,"past","简单基础词"
5325,"pear","简单基础词"
5326,"pen","简单基础词"
5327,"pencil","简单基础词"
5328,"photo","简单基础词"
5329,"piano","简单基础词"
5330,"pickup","简单基础词"
5331,"picnic","简单基础词"
5332,"pie","简单基础词"
5333,"picture","简单基础词"
5334,"pig","简单基础词"
5335,"place","简单基础词"
5336,"please","简单基础词"
5337,"police","简单基础词"
5338,"policeman","简单基础词"
5339,"poor","简单基础词"
5340,"potato","简单基础词"
5341,"problem","简单基础词"
5342,"push","简单基础词"
5343,"put","简单基础词"
5344,"question","简单基础词"
5345,"quiet","简单基础词"
5346,"quite","简单基础词"
5347,"rain","简单基础词"
5348,"read","简单基础词"
5349,"ready","简单基础词"
5350,"receive","简单基础词"
5351,"red","简单基础词"
5352,"restaurant","简单基础词"
5353,"rice","简单基础词"
5354,"ride","简单基础词"
5355,"right","简单基础词"
5356,"river","简单基础词"
5357,"road","简单基础词"
5358,"robot","简单基础词"
5359,"room","简单基础词"
5360,"rubbish","简单基础词"
5361,"sad","简单基础词"
5362,"safe","简单基础词"
5363,"same","简单基础词"
5364,"Saturday","简单基础词"
5365,"say","简单基础词"
5366,"sea","简单基础词"
5367,"season","简单基础词"
5368,"secret","简单基础词"
5369,"September","简单基础词"
5370,"seven","简单基础词"
5371,"shall","简单基础词"
5372,"shark","简单基础词"
5373,"she","简单基础词"
5374,"sheep","简单基础词"
5375,"shelf","简单基础词"
5376,"ship","简单基础词"
5377,"shirt","简单基础词"
5378,"shoe","简单基础词"
5379,"shop","简单基础词"
5380,"should","简单基础词"
5381,"since","简单基础词"
5382,"sing","简单基础词"
5383,"sir","简单基础词"
5384,"sister","简单基础词"
5385,"six","简单基础词"
5386,"size","简单基础词"
5387,"skirt","简单基础词"
5388,"sky","简单基础词"
5389,"sleep","简单基础词"
5390,"small","简单基础词"
5391,"smile","简单基础词"
5392,"snake","简单基础词"
5393,"snow","简单基础词"
5394,"so","简单基础词"
5395,"sock","简单基础词"
5396,"some","简单基础词"
5397,"somebody","简单基础词"
5398,"somehow","简单基础词"
5399,"someone","简单基础词"
5400,"something","简单基础词"
5401,"sometime","简单基础词"
5402,"sometimes","简单基础词"
5403,"somewhere","简单基础词"
5404,"son","简单基础词"
5405,"song","简单基础词"
5406,"sorry","简单基础词"
5407,"south","简单基础词"
5408,"southern","简单基础词"
5409,"speak","简单基础词"
5410,"spell","简单基础词"
5411,"spelling","简单基础词"
5412,"spend","简单基础词"
5413,"sport","简单基础词"
5414,"sportsman","简单基础词"
5415,"star","简单基础词"
5416,"steal","简单基础词"
5417,"stop","简单基础词"
5418,"story","简单基础词"
5419,"street","简单基础词"
5420,"student","简单基础词"
5421,"study","简单基础词"
5422,"subway","简单基础词"
5423,"such","简单基础词"
5424,"summer","简单基础词"
5425,"sun","简单基础词"
5426,"Sunday","简单基础词"
5427,"supper","简单基础词"
5428,"sweet","简单基础词"
5429,"talk","简单基础词"
5430,"tall","简单基础词"
5431,"taxi","简单基础词"
5432,"tea","简单基础词"
5433,"teach","简单基础词"
5434,"teacher","简单基础词"
5435,"telephone","简单基础词"
5436,"ten","简单基础词"
5437,"tennis","简单基础词"
5438,"text","简单基础词"
5439,"than","简单基础词"
5440,"thank","简单基础词"
5441,"Thanksgiving","简单基础词"
5442,"that","简单基础词"
5443,"the","简单基础词"
5444,"their","简单基础词"
5445,"theirs","简单基础词"
5446,"them","简单基础词"
5447,"themselves","简单基础词"
5448,"there","简单基础词"
5449,"these","简单基础词"
5450,"they","简单基础词"
5451,"thin","简单基础词"
5452,"thing","简单基础词"
5453,"think","简单基础词"
5454,"third","简单基础词"
5455,"thirsty","简单基础词"
5456,"thirteen","简单基础词"
5457,"thirty","简单基础词"
5458,"this","简单基础词"
5459,"those","简单基础词"
5460,"three","简单基础词"
5461,"Thursday","简单基础词"
5462,"tiger","简单基础词"
5463,"tired","简单基础词"
5464,"to","简单基础词"
5465,"today","简单基础词"
5466,"tomato","简单基础词"
5467,"tomorrow","简单基础词"
5468,"ton","简单基础词"
5469,"tonight","简单基础词"
5470,"too","简单基础词"
5471,"tree","简单基础词"
5472,"trouble","简单基础词"
5473,"Tuesday","简单基础词"
5474,"TV","简单基础词"
5475,"twelve","简单基础词"
5476,"twenty","简单基础词"
5477,"twice","简单基础词"
5478,"two","简单基础词"
5479,"uncle","简单基础词"
5480,"under","简单基础词"
5481,"university","简单基础词"
5482,"unless","简单基础词"
5483,"up","简单基础词"
5484,"us","简单基础词"
5485,"use","简单基础词"
5486,"usual","简单基础词"
5487,"usually","简单基础词"
5488,"very","简单基础词"
5489,"vinegar","简单基础词"
5490,"violin","简单基础词"
5491,"volleyball","简单基础词"
5492,"war","简单基础词"
5493,"water","简单基础词"
5494,"we","简单基础词"
5495,"weather","简单基础词"
5496,"Wednesday","简单基础词"
5497,"week","简单基础词"
5498,"weekend","简单基础词"
5499,"welcome","简单基础词"
5500,"well","简单基础词"
5501,"what","简单基础词"
5502,"whatsoever","简单基础词"
5503,"when","简单基础词"
5504,"where","简单基础词"
5505,"which","简单基础词"
5506,"who","简单基础词"
5507,"whom","简单基础词"
5508,"whose","简单基础词"
5509,"why","简单基础词"
5510,"wife","简单基础词"
5511,"will","简单基础词"
5512,"window","简单基础词"
5513,"wine","简单基础词"
5514,"winter","简单基础词"
5515,"wish","简单基础词"
5516,"with","简单基础词"
5517,"without","简单基础词"
5518,"woman","简单基础词"
5519,"wonderful","简单基础词"
5520,"wood","简单基础词"
5521,"word","简单基础词"
5522,"world","简单基础词"
5523,"would","简单基础词"
5524,"wrong","简单基础词"
5525,"year","简单基础词"
5526,"yellow","简单基础词"
5527,"yes","简单基础词"
5528,"yesterday","简单基础词"
5529,"you","简单基础词"
5530,"young","简单基础词"
5531,"your","简单基础词"
5532,"yours","简单基础词"
5533,"yourself","简单基础词"
5534,"zoo","简单基础词"
5535,"ace","超纲词"
5536,"abbreviation","超纲词"
5537,"abdicate","超纲词"
5538,"absolutist","超纲词"
5539,"academia","超纲词"
5540,"accessibility","超纲词"
5541,"acclimation","超纲词"
5542,"accountability","超纲词"
5543,"accrue","超纲词"
5544,"accusation","超纲词"
5545,"admirable","超纲词"
5546,"adornment","超纲词"
5547,"adversarial","超纲词"
5548,"advisory","超纲词"
5549,"afloat","超纲词"
5550,"aggressiveness","超纲词"
5551,"agile","超纲词"
5552,"airborne","超纲词"
5553,"airflow","超纲词"
5554,"airy","超纲词"
5555,"akin","超纲词"
5556,"alarmingly","超纲词"
5557,"allay","超纲词"
5558,"allegation","超纲词"
5559,"allot","超纲词"
5560,"allude","超纲词"
5561,"altruistic","超纲词"
5562,"amass","超纲词"
5563,"anachronism","超纲词"
5564,"analyst","超纲词"
5565,"ancestry","超纲词"
5566,"animation","超纲词"
5567,"antagonistic","超纲词"
5568,"aphid","超纲词"
5569,"appease","超纲词"
5570,"applicant","超纲词"
5571,"aquatic","超纲词"
5572,"arable","超纲词"
5573,"arbiter","超纲词"
5574,"archaeological","超纲词"
5575,"archaeologist","超纲词"
5576,"aristocratic","超纲词"
5577,"arrestee","超纲词"
5578,"artwork","超纲词"
5579,"asocial","超纲词"
5580,"assertion","超纲词"
5581,"assuage","超纲词"
5582,"asteroid","超纲词"
5583,"asthma","超纲词"
5584,"astounding","超纲词"
5585,"attentive","超纲词"
5586,"attest","超纲词"
5587,"attuned","超纲词"
5588,"authenticate","超纲词"
5589,"autobiography","超纲词"
5590,"automate","超纲词"
5591,"avalanche","超纲词"
5592,"avant-garde","超纲词"
5593,"averse","超纲词"
5594,"aversion","超纲词"
5595,"backdrop","超纲词"
5596,"backlog","超纲词"
5597,"backyard","超纲词"
5598,"baluster","超纲词"
5599,"banking","超纲词"
5600,"beacon","超纲词"
5601,"beautify","超纲词"
5602,"befriend","超纲词"
5603,"behavioral","超纲词"
5604,"benefactor","超纲词"
5605,"biased","超纲词"
5606,"billboard","超纲词"
5607,"biographer","超纲词"
5608,"biological","超纲词"
5609,"biologist","超纲词"
5610,"biomedical","超纲词"
5611,"biophilia","超纲词"
5612,"biotech","超纲词"
5613,"biotic","超纲词"
5614,"birthright","超纲词"
5615,"bison","超纲词"
5616,"blacksmith","超纲词"
5617,"blessing","超纲词"
5618,"bloodstream","超纲词"
5619,"bodily","超纲词"
5620,"bombast","超纲词"
5621,"booby","超纲词"
5622,"bourgeois","超纲词"
5623,"branding","超纲词"
5624,"breadth","超纲词"
5625,"breakthrough","超纲词"
5626,"brim","超纲词"
5627,"broadband","超纲词"
5628,"broccoli","超纲词"
5629,"brook","超纲词"
5630,"buck","超纲词"
5631,"Buddhist","超纲词"
5632,"bullock","超纲词"
5633,"burdensome","超纲词"
5634,"bust","超纲词"
5635,"buzzword","超纲词"
5636,"by-product","超纲词"
5637,"canon","超纲词"
5638,"caravan","超纲词"
5639,"carcase","超纲词"
5640,"caregiver","超纲词"
5641,"cascade","超纲词"
5642,"cautiousness","超纲词"
5643,"caveat","超纲词"
5644,"celluloid","超纲词"
5645,"ceremonial","超纲词"
5646,"chapel","超纲词"
5647,"chariot","超纲词"
5648,"chatter","超纲词"
5649,"childless","超纲词"
5650,"chiller","超纲词"
5651,"choosy","超纲词"
5652,"chronicle","超纲词"
5653,"chunky","超纲词"
5654,"citizenship","超纲词"
5655,"claimant","超纲词"
5656,"clamp","超纲词"
5657,"clear-cut","超纲词"
5658,"clout","超纲词"
5659,"coax","超纲词"
5660,"codify","超纲词"
5661,"coexistence","超纲词"
5662,"collaborative","超纲词"
5663,"commitment","超纲词"
5664,"commonality","超纲词"
5665,"communal","超纲词"
5666,"comparatively","超纲词"
5667,"competence","超纲词"
5668,"composer","超纲词"
5669,"composure","超纲词"
5670,"conceited","超纲词"
5671,"conceivably","超纲词"
5672,"concur","超纲词"
5673,"confidant","超纲词"
5674,"conglomerate","超纲词"
5675,"congressional","超纲词"
5676,"conspire","超纲词"
5677,"constable","超纲词"
5678,"constancy","超纲词"
5679,"constantly","超纲词"
5680,"constitutional","超纲词"
5681,"constitutionality","超纲词"
5682,"constraint","超纲词"
5683,"contention","超纲词"
5684,"continually","超纲词"
5685,"continuity","超纲词"
5686,"contributory","超纲词"
5687,"controllable","超纲词"
5688,"copious","超纲词"
5689,"corruption","超纲词"
5690,"cosmos","超纲词"
5691,"counteract","超纲词"
5692,"counterbalance","超纲词"
5693,"courageous","超纲词"
5694,"courtship","超纲词"
5695,"craze","超纲词"
5696,"credible","超纲词"
5697,"creek","超纲词"
5698,"critique","超纲词"
5699,"crumble","超纲词"
5700,"crux","超纲词"
5701,"cubicle","超纲词"
5702,"culinary","超纲词"
5703,"cultural","超纲词"
5704,"cure-all","超纲词"
5705,"cursory","超纲词"
5706,"cute","超纲词"
5707,"cutlery","超纲词"
5708,"cynic","超纲词"
5709,"dampen","超纲词"
5710,"dazzlingly","超纲词"
5711,"dearth","超纲词"
5712,"deception","超纲词"
5713,"decimation","超纲词"
5714,"declaim","超纲词"
5715,"decoration","超纲词"
5716,"deep-seated","超纲词"
5717,"defame","超纲词"
5718,"defendant","超纲词"
5719,"defensible","超纲词"
5720,"degrade","超纲词"
5721,"delusion","超纲词"
5722,"democrat","超纲词"
5723,"demolition","超纲词"
5724,"demonstration","超纲词"
5725,"demoralization","超纲词"
5726,"dependency","超纲词"
5727,"depredation","超纲词"
5728,"designer","超纲词"
5729,"detrimental","超纲词"
5730,"diligence","超纲词"
5731,"dimensional","超纲词"
5732,"diplomacy","超纲词"
5733,"dire","超纲词"
5734,"disapproval","超纲词"
5735,"disbelief","超纲词"
5736,"disconcert","超纲词"
5737,"discontinue","超纲词"
5738,"dishonor","超纲词"
5739,"disinfect","超纲词"
5740,"dismal","超纲词"
5741,"disparity","超纲词"
5742,"disposable","超纲词"
5743,"disregard","超纲词"
5744,"disruptive","超纲词"
5745,"dissatisfaction","超纲词"
5746,"diversity","超纲词"
5747,"doctoral","超纲词"
5748,"dogma","超纲词"
5749,"dominance","超纲词"
5750,"dormant","超纲词"
5751,"double-glaze","超纲词"
5752,"doubtless","超纲词"
5753,"download","超纲词"
5754,"downside","超纲词"
5755,"downtime","超纲词"
5756,"downturn","超纲词"
5757,"drainage","超纲词"
5758,"dramatically","超纲词"
5759,"drawn-out","超纲词"
5760,"dropout","超纲词"
5761,"dub","超纲词"
5762,"dungeon","超纲词"
5763,"duo","超纲词"
5764,"eagerness","超纲词"
5765,"economist","超纲词"
5766,"ecosystem","超纲词"
5767,"educator","超纲词"
5768,"effectively","超纲词"
5769,"efficacy","超纲词"
5770,"electronics","超纲词"
5771,"elevation","超纲词"
5772,"elitism","超纲词"
5773,"embodiment","超纲词"
5774,"emissary","超纲词"
5775,"emission","超纲词"
5776,"enact","超纲词"
5777,"enchantingly","超纲词"
5778,"endanger","超纲词"
5779,"engender","超纲词"
5780,"engrave","超纲词"
5781,"enigma","超纲词"
5782,"enrage","超纲词"
5783,"entourage","超纲词"
5784,"enviable","超纲词"
5785,"envision","超纲词"
5786,"errand","超纲词"
5787,"essentially","超纲词"
5788,"ethical","超纲词"
5789,"ethnicity","超纲词"
5790,"ethos","超纲词"
5791,"everlasting","超纲词"
5792,"exacerbate","超纲词"
5793,"excavation","超纲词"
5794,"exclusionary","超纲词"
5795,"exemplary","超纲词"
5796,"explicatory","超纲词"
5797,"exploration","超纲词"
5798,"extracurricular","超纲词"
5799,"extraordinarily","超纲词"
5800,"facial","超纲词"
5801,"factoid","超纲词"
5802,"fad","超纲词"
5803,"fairness","超纲词"
5804,"falsehood","超纲词"
5805,"farcical","超纲词"
5806,"fearsome","超纲词"
5807,"fend","超纲词"
5808,"feverish","超纲词"
5809,"filing","超纲词"
5810,"fitness","超纲词"
5811,"fixation","超纲词"
5812,"flagship","超纲词"
5813,"flexibility","超纲词"
5814,"flip","超纲词"
5815,"fluster","超纲词"
5816,"foe","超纲词"
5817,"folklore","超纲词"
5818,"forefather","超纲词"
5819,"foresight","超纲词"
5820,"forthright","超纲词"
5821,"founder","超纲词"
5822,"framer","超纲词"
5823,"freshman","超纲词"
5824,"frizzle","超纲词"
5825,"frugal","超纲词"
5826,"fully","超纲词"
5827,"funding","超纲词"
5828,"furlough","超纲词"
5829,"futurologist","超纲词"
5830,"gape","超纲词"
5831,"gatekeeper","超纲词"
5832,"generative","超纲词"
5833,"genetically","超纲词"
5834,"geneticist","超纲词"
5835,"genome","超纲词"
5836,"geocentric","超纲词"
5837,"geographic","超纲词"
5838,"gig","超纲词"
5839,"glowingly","超纲词"
5840,"gospel","超纲词"
5841,"granite","超纲词"
5842,"granny","超纲词"
5843,"grapple","超纲词"
5844,"grassland","超纲词"
5845,"grassroots","超纲词"
5846,"gratification","超纲词"
5847,"greengrocer","超纲词"
5848,"grievance","超纲词"
5849,"groom","超纲词"
5850,"guardianship","超纲词"
5851,"habitually","超纲词"
5852,"hack","超纲词"
5853,"halve","超纲词"
5854,"hamlet","超纲词"
5855,"hard-line","超纲词"
5856,"hasten","超纲词"
5857,"havoc","超纲词"
5858,"haze","超纲词"
5859,"headhunter","超纲词"
5860,"hearty","超纲词"
5861,"heavily","超纲词"
5862,"herbivore","超纲词"
5863,"heresy","超纲词"
5864,"heretic","超纲词"
5865,"hierarchical","超纲词"
5866,"high-profile","超纲词"
5867,"hindrance","超纲词"
5868,"hoard","超纲词"
5869,"holistic","超纲词"
5870,"homegrown","超纲词"
5871,"homeless","超纲词"
5872,"hominid","超纲词"
5873,"hooray","超纲词"
5874,"horrify","超纲词"
5875,"horticultural","超纲词"
5876,"hub","超纲词"
5877,"hunch","超纲词"
5878,"hunter","超纲词"
5879,"hurdle","超纲词"
5880,"husbandry","超纲词"
5881,"hype","超纲词"
5882,"idealism","超纲词"
5883,"idealize","超纲词"
5884,"illiberal","超纲词"
5885,"immigration","超纲词"
5886,"immoral","超纲词"
5887,"impel","超纲词"
5888,"impend","超纲词"
5889,"impinge","超纲词"
5890,"implausible","超纲词"
5891,"impossibility","超纲词"
5892,"impoverished","超纲词"
5893,"impractical","超纲词"
5894,"imprison","超纲词"
5895,"improper","超纲词"
5896,"inaccurate","超纲词"
5897,"inadequacy","超纲词"
5898,"inappropriate","超纲词"
5899,"inarticulate","超纲词"
5900,"inborn","超纲词"
5901,"incite","超纲词"
5902,"inclement","超纲词"
5903,"inclination","超纲词"
5904,"incompatible","超纲词"
5905,"incompetent","超纲词"
5906,"incomplete","超纲词"
5907,"inconclusive","超纲词"
5908,"incorrectly","超纲词"
5909,"indefensible","超纲词"
5910,"indefinitely","超纲词"
5911,"independently","超纲词"
5912,"indicator","超纲词"
5913,"indictment","超纲词"
5914,"indifference","超纲词"
5915,"indirect","超纲词"
5916,"induct","超纲词"
5917,"industrialization","超纲词"
5918,"inedible","超纲词"
5919,"ineffective","超纲词"
5920,"inefficient","超纲词"
5921,"inescapably","超纲词"
5922,"inevitably","超纲词"
5923,"inexorable","超纲词"
5924,"inexpressible","超纲词"
5925,"infancy","超纲词"
5926,"inferiority","超纲词"
5927,"infirm","超纲词"
5928,"inflate","超纲词"
5929,"info","超纲词"
5930,"informal","超纲词"
5931,"informality","超纲词"
5932,"infuse","超纲词"
5933,"ingenuity","超纲词"
5934,"inherently","超纲词"
5935,"inherited","超纲词"
5936,"inhuman","超纲词"
5937,"initiation","超纲词"
5938,"initiator","超纲词"
5939,"injurious","超纲词"
5940,"innate","超纲词"
5941,"innermost","超纲词"
5942,"innovative","超纲词"
5943,"innovator","超纲词"
5944,"insatiable","超纲词"
5945,"insensitive","超纲词"
5946,"insidious","超纲词"
5947,"insightful","超纲词"
5948,"insignificant","超纲词"
5949,"insistence","超纲词"
5950,"inspection","超纲词"
5951,"instantaneously","超纲词"
5952,"institutional","超纲词"
5953,"insufficient","超纲词"
5954,"intake","超纲词"
5955,"integration","超纲词"
5956,"intellect","超纲词"
5957,"intensely","超纲词"
5958,"intentionally","超纲词"
5959,"intently","超纲词"
5960,"interactive","超纲词"
5961,"interdependence","超纲词"
5962,"intermarriage","超纲词"
5963,"interpersonal","超纲词"
5964,"interplay","超纲词"
5965,"interpretation","超纲词"
5966,"interprovincial","超纲词"
5967,"interviewee","超纲词"
5968,"interviewer","超纲词"
5969,"introductory","超纲词"
5970,"intrusion","超纲词"
5971,"intuitively","超纲词"
5972,"invalidate","超纲词"
5973,"inventiveness","超纲词"
5974,"inventor","超纲词"
5975,"investor","超纲词"
5976,"involuntarily","超纲词"
5977,"ironic","超纲词"
5978,"ironically","超纲词"
5979,"irregular","超纲词"
5980,"irrepressible","超纲词"
5981,"irrigation","超纲词"
5982,"jobless","超纲词"
5983,"jobseeker","超纲词"
5984,"jokingly","超纲词"
5985,"journalistic","超纲词"
5986,"judiciary","超纲词"
5987,"juggle","超纲词"
5988,"keyword","超纲词"
5989,"kinship","超纲词"
5990,"knuckle","超纲词"
5991,"laminated","超纲词"
5992,"lancet","超纲词"
5993,"landmark","超纲词"
5994,"languid","超纲词"
5995,"lawmaker","超纲词"
5996,"leftover","超纲词"
5997,"legally","超纲词"
5998,"legislature","超纲词"
5999,"lender","超纲词"
6000,"leniency","超纲词"
6001,"lenient","超纲词"
6002,"leverage","超纲词"
6003,"liberalize","超纲词"
6004,"lifelike","超纲词"
6005,"lifestyle","超纲词"
6006,"light-hearted","超纲词"
6007,"limbic","超纲词"
6008,"lineage","超纲词"
6009,"linguist","超纲词"
6010,"lining","超纲词"
6011,"listener","超纲词"
6012,"literate","超纲词"
6013,"liveliness","超纲词"
6014,"livestock","超纲词"
6015,"lockout","超纲词"
6016,"loft","超纲词"
6017,"logo","超纲词"
6018,"longline","超纲词"
6019,"long-standing","超纲词"
6020,"low-cost","超纲词"
6021,"low-density","超纲词"
6022,"low-level","超纲词"
6023,"makeshift","超纲词"
6024,"male-","超纲词"
6025,"malpractice","超纲词"
6026,"manifesto","超纲词"
6027,"marginalize","超纲词"
6028,"markedly","超纲词"
6029,"marketplace","超纲词"
6030,"marquetry","超纲词"
6031,"marsh","超纲词"
6032,"marshal","超纲词"
6033,"matchmaker","超纲词"
6034,"materialism","超纲词"
6035,"materialistic","超纲词"
6036,"maternal","超纲词"
6037,"maturity","超纲词"
6038,"maximize","超纲词"
6039,"meaningful","超纲词"
6040,"meaningless","超纲词"
6041,"measurable","超纲词"
6042,"mechanistic","超纲词"
6043,"meddle","超纲词"
6044,"medication","超纲词"
6045,"mediocrity","超纲词"
6046,"Mediterranean","超纲词"
6047,"megalith","超纲词"
6048,"memorize","超纲词"
6049,"mentally","超纲词"
6050,"mercilessly","超纲词"
6051,"meritocracy","超纲词"
6052,"metallurgy","超纲词"
6053,"metaphysical","超纲词"
6054,"meteorologist","超纲词"
6055,"methodology","超纲词"
6056,"microbiologist","超纲词"
6057,"migration","超纲词"
6058,"mildly","超纲词"
6059,"milestone","超纲词"
6060,"militantly","超纲词"
6061,"millennial","超纲词"
6062,"millennium","超纲词"
6063,"mindlessly","超纲词"
6064,"mindset","超纲词"
6065,"miniaturization","超纲词"
6066,"minimal","超纲词"
6067,"minimalist","超纲词"
6068,"mining","超纲词"
6069,"mischievous","超纲词"
6070,"misconception","超纲词"
6071,"misguide","超纲词"
6072,"misinformation","超纲词"
6073,"misinterpret","超纲词"
6074,"misinterpretation","超纲词"
6075,"misplace","超纲词"
6076,"misuse","超纲词"
6077,"mitigate","超纲词"
6078,"mobility","超纲词"
6079,"modesty","超纲词"
6080,"mogul","超纲词"
6081,"molecular","超纲词"
6082,"momentarily","超纲词"
6083,"monoglot","超纲词"
6084,"morphine","超纲词"
6085,"mortality","超纲词"
6086,"mouthpiece","超纲词"
6087,"mow","超纲词"
6088,"multinational","超纲词"
6089,"multiplicity","超纲词"
6090,"mundane","超纲词"
6091,"mutability","超纲词"
6092,"mutually","超纲词"
6093,"mythical","超纲词"
6094,"narrowly","超纲词"
6095,"nasal","超纲词"
6096,"nationwide","超纲词"
6097,"native-born","超纲词"
6098,"naturalist","超纲词"
6099,"nautical","超纲词"
6100,"neatly","超纲词"
6101,"necessarily","超纲词"
6102,"needlessly","超纲词"
6103,"needy","超纲词"
6104,"negligence","超纲词"
6105,"netball","超纲词"
6106,"neural","超纲词"
6107,"neurology","超纲词"
6108,"neuroscientist","超纲词"
6109,"newsprint","超纲词"
6110,"newsroom","超纲词"
6111,"newsstand","超纲词"
6112,"niche","超纲词"
6113,"nobility","超纲词"
6114,"noisily","超纲词"
6115,"nonconformist","超纲词"
6116,"non-","超纲词"
6117,"non-standard","超纲词"
6118,"nonverbal","超纲词"
6119,"notably","超纲词"
6120,"noteworthy","超纲词"
6121,"notification","超纲词"
6122,"nova","超纲词"
6123,"nudge","超纲词"
6124,"objectionable","超纲词"
6125,"obscene","超纲词"
6126,"observable","超纲词"
6127,"observer","超纲词"
6128,"obsess","超纲词"
6129,"obtainable","超纲词"
6130,"oceanic","超纲词"
6131,"offline","超纲词"
6132,"off-the-cuff","超纲词"
6133,"omnivore","超纲词"
6134,"oncogene","超纲词"
6135,"one-shot","超纲词"
6136,"online","超纲词"
6137,"onward","超纲词"
6138,"open-access","超纲词"
6139,"openly","超纲词"
6140,"opposition","超纲词"
6141,"oppression","超纲词"
6142,"orb","超纲词"
6143,"orchestral","超纲词"
6144,"organizational","超纲词"
6145,"ornate","超纲词"
6146,"ostrich","超纲词"
6147,"outcry","超纲词"
6148,"outdate","超纲词"
6149,"outlive","超纲词"
6150,"out-of-town","超纲词"
6151,"outsize","超纲词"
6152,"outsource","超纲词"
6153,"outweigh","超纲词"
6154,"overblown","超纲词"
6155,"overdue","超纲词"
6156,"overestimate","超纲词"
6157,"overly","超纲词"
6158,"overpay","超纲词"
6159,"overrule","超纲词"
6160,"overshadow","超纲词"
6161,"oversize","超纲词"
6162,"overstate","超纲词"
6163,"overstep","超纲词"
6164,"over-the-","超纲词"
6165,"overvalue","超纲词"
6166,"overwhelmingly","超纲词"
6167,"overwork","超纲词"
6168,"oxytocin","超纲词"
6169,"paediatrics","超纲词"
6170,"pandemic","超纲词"
6171,"paradoxically","超纲词"
6172,"paraphrase","超纲词"
6173,"parenting","超纲词"
6174,"parity","超纲词"
6175,"partisan","超纲词"
6176,"pastel","超纲词"
6177,"patchwork","超纲词"
6178,"paternal","超纲词"
6179,"pathway","超纲词"
6180,"patronage","超纲词"
6181,"patronize","超纲词"
6182,"paycheck","超纲词"
6183,"penalize","超纲词"
6184,"perceptive","超纲词"
6185,"perceptual","超纲词"
6186,"performative","超纲词"
6187,"periodically","超纲词"
6188,"permissive","超纲词"
6189,"pernicious","超纲词"
6190,"perpetuate","超纲词"
6191,"persistence","超纲词"
6192,"persistent","超纲词"
6193,"persuasive","超纲词"
6194,"pervasive","超纲词"
6195,"petal","超纲词"
6196,"pharaoh","超纲词"
6197,"pharmaceutical","超纲词"
6198,"philharmonic","超纲词"
6199,"philosophical","超纲词"
6200,"phony","超纲词"
6201,"phrasing","超纲词"
6202,"physically","超纲词"
6203,"physique","超纲词"
6204,"piecemeal","超纲词"
6205,"pinpoint","超纲词"
6206,"pivot","超纲词"
6207,"pluck","超纲词"
6208,"plum","超纲词"
6209,"plummet","超纲词"
6210,"poach","超纲词"
6211,"pocketbook","超纲词"
6212,"pointless","超纲词"
6213,"polymer","超纲词"
6214,"populous","超纲词"
6215,"potash","超纲词"
6216,"powerfully","超纲词"
6217,"powerless","超纲词"
6218,"practicality","超纲词"
6219,"prairie","超纲词"
6220,"predatory","超纲词"
6221,"predictably","超纲词"
6222,"prefrontal","超纲词"
6223,"prehistoric","超纲词"
6224,"preoccupation","超纲词"
6225,"prerequisite","超纲词"
6226,"presumptuous","超纲词"
6227,"presuppose","超纲词"
6228,"prevention","超纲词"
6229,"prewar","超纲词"
6230,"priestly","超纲词"
6231,"primarily","超纲词"
6232,"printer","超纲词"
6233,"processor","超纲词"
6234,"proclivity","超纲词"
6235,"procreation","超纲词"
6236,"professionalize","超纲词"
6237,"professorship","超纲词"
6238,"proficient","超纲词"
6239,"profit-making","超纲词"
6240,"progression","超纲词"
6241,"projection","超纲词"
6242,"promoter","超纲词"
6243,"promotion","超纲词"
6244,"pronouncement","超纲词"
6245,"proportionality","超纲词"
6246,"protection","超纲词"
6247,"provincial","超纲词"
6248,"provocative","超纲词"
6249,"proxy","超纲词"
6250,"prudery","超纲词"
6251,"psychedelic","超纲词"
6252,"psychoactive","超纲词"
6253,"psychological","超纲词"
6254,"psychologist","超纲词"
6255,"publicize","超纲词"
6256,"pumpkin","超纲词"
6257,"punctuation","超纲词"
6258,"puritan","超纲词"
6259,"purport","超纲词"
6260,"pushback","超纲词"
6261,"questionable","超纲词"
6262,"quick-witted","超纲词"
6263,"raisin","超纲词"
6264,"ramble","超纲词"
6265,"randomly","超纲词"
6266,"rarity","超纲词"
6267,"rasher","超纲词"
6268,"reactor","超纲词"
6269,"reaffirm","超纲词"
6270,"realtor","超纲词"
6271,"rebuild","超纲词"
6272,"recitation","超纲词"
6273,"reconsider","超纲词"
6274,"reconstruct","超纲词"
6275,"recruiter","超纲词"
6276,"redefine","超纲词"
6277,"redirect","超纲词"
6278,"redundancy","超纲词"
6279,"redwood","超纲词"
6280,"re-evaluate","超纲词"
6281,"refutation","超纲词"
6282,"regain","超纲词"
6283,"regrettably","超纲词"
6284,"relatively","超纲词"
6285,"relic","超纲词"
6286,"remarry","超纲词"
6287,"remorseless","超纲词"
6288,"renege","超纲词"
6289,"renowned","超纲词"
6290,"reorder","超纲词"
6291,"repercussion","超纲词"
6292,"replaceable","超纲词"
6293,"reportorial","超纲词"
6294,"representational","超纲词"
6295,"reproductive","超纲词"
6296,"reshape","超纲词"
6297,"resignation","超纲词"
6298,"respectable","超纲词"
6299,"restoration","超纲词"
6300,"restrictive","超纲词"
6301,"revision","超纲词"
6302,"revitalize","超纲词"
6303,"revival","超纲词"
6304,"richness","超纲词"
6305,"righteous","超纲词"
6306,"robotics","超纲词"
6307,"rogue","超纲词"
6308,"rosy","超纲词"
6309,"rotunda","超纲词"
6310,"rubble","超纲词"
6311,"rustle","超纲词"
6312,"rut","超纲词"
6313,"sage","超纲词"
6314,"saline","超纲词"
6315,"savannah","超纲词"
6316,"schism","超纲词"
6317,"scholastic","超纲词"
6318,"schooling","超纲词"
6319,"scoop","超纲词"
6320,"scrub","超纲词"
6321,"searing","超纲词"
6322,"seasonal","超纲词"
6323,"secular","超纲词"
6324,"sedition","超纲词"
6325,"self-help","超纲词"
6326,"self-interested","超纲词"
6327,"sensational","超纲词"
6328,"sensitivity","超纲词"
6329,"sensor","超纲词"
6330,"sensory","超纲词"
6331,"sensual","超纲词"
6332,"sermon","超纲词"
6333,"sexual","超纲词"
6334,"shin","超纲词"
6335,"shipload","超纲词"
6336,"shortcut","超纲词"
6337,"short-termism","超纲词"
6338,"shroud","超纲词"
6339,"sift","超纲词"
6340,"sighted","超纲词"
6341,"silt","超纲词"
6342,"simmer","超纲词"
6343,"simplification","超纲词"
6344,"simulation","超纲词"
6345,"simultaneously","超纲词"
6346,"sinister","超纲词"
6347,"skint","超纲词"
6348,"skipper","超纲词"
6349,"skylight","超纲词"
6350,"sling","超纲词"
6351,"slip-up","超纲词"
6352,"sludge","超纲词"
6353,"sluggish","超纲词"
6354,"snapshot","超纲词"
6355,"sneaker","超纲词"
6356,"sojourn","超纲词"
6357,"sonata","超纲词"
6358,"spam","超纲词"
6359,"sparrow","超纲词"
6360,"spatial","超纲词"
6361,"specialization","超纲词"
6362,"specifically","超纲词"
6363,"speculative","超纲词"
6364,"spent","超纲词"
6365,"spike","超纲词"
6366,"spontaneity","超纲词"
6367,"spotlight","超纲词"
6368,"spree","超纲词"
6369,"springtime","超纲词"
6370,"stakeholder","超纲词"
6371,"standardize","超纲词"
6372,"standing","超纲词"
6373,"standstill","超纲词"
6374,"starry","超纲词"
6375,"stash","超纲词"
6376,"statistically","超纲词"
6377,"statistician","超纲词"
6378,"steadfast","超纲词"
6379,"stencil","超纲词"
6380,"stenographer","超纲词"
6381,"stew","超纲词"
6382,"stickiness","超纲词"
6383,"stockpile","超纲词"
6384,"storehouse","超纲词"
6385,"straddle","超纲词"
6386,"strangely","超纲词"
6387,"strategic","超纲词"
6388,"stray","超纲词"
6389,"strictly","超纲词"
6390,"strikingly","超纲词"
6391,"stringent","超纲词"
6392,"structural","超纲词"
6393,"stuck","超纲词"
6394,"studiously","超纲词"
6395,"stylish","超纲词"
6396,"stylist","超纲词"
6397,"subconscious","超纲词"
6398,"subheading","超纲词"
6399,"submission","超纲词"
6400,"subscriber","超纲词"
6401,"subsequently","超纲词"
6402,"subsidize","超纲词"
6403,"substantially","超纲词"
6404,"substantiate","超纲词"
6405,"subtitle","超纲词"
6406,"suburban","超纲词"
6407,"successfully","超纲词"
6408,"suddenly","超纲词"
6409,"suitability","超纲词"
6410,"supposing","超纲词"
6411,"surgical","超纲词"
6412,"surprisingly","超纲词"
6413,"suspiciously","超纲词"
6414,"sustainable","超纲词"
6415,"swap","超纲词"
6416,"swine","超纲词"
6417,"swollen","超纲词"
6418,"symbolic","超纲词"
6419,"tagline","超纲词"
6420,"talkative","超纲词"
6421,"taxpayer","超纲词"
6422,"technicist","超纲词"
6423,"template","超纲词"
6424,"terrain","超纲词"
6425,"textual","超纲词"
6426,"theorize","超纲词"
6427,"thermostat","超纲词"
6428,"think tank","超纲词"
6429,"thoughtless","超纲词"
6430,"thriller","超纲词"
6431,"timeless","超纲词"
6432,"timescale","超纲词"
6433,"timidity","超纲词"
6434,"titanic","超纲词"
6435,"toddler","超纲词"
6436,"toll-free","超纲词"
6437,"tort","超纲词"
6438,"tournament","超纲词"
6439,"townsfolk","超纲词"
6440,"traceable","超纲词"
6441,"trajectory","超纲词"
6442,"tramp","超纲词"
6443,"transcendentalist","超纲词"
6444,"transcribe","超纲词"
6445,"travail","超纲词"
6446,"traverse","超纲词"
6447,"tribal","超纲词"
6448,"trickle","超纲词"
6449,"troublemaker","超纲词"
6450,"troupe","超纲词"
6451,"trustworthiness","超纲词"
6452,"turnaround","超纲词"
6453,"ultimately","超纲词"
6454,"unacceptable","超纲词"
6455,"unaccountably","超纲词"
6456,"unacknowledged","超纲词"
6457,"unaffected","超纲词"
6458,"unaffordable","超纲词"
6459,"unanswered","超纲词"
6460,"unattractive","超纲词"
6461,"unaware","超纲词"
6462,"unbearably","超纲词"
6463,"unbiased","超纲词"
6464,"uncanny","超纲词"
6465,"uncertain","超纲词"
6466,"uncharted","超纲词"
6467,"unclean","超纲词"
6468,"uncontrollable","超纲词"
6469,"unconventional","超纲词"
6470,"uncool","超纲词"
6471,"undercut","超纲词"
6472,"undesirable","超纲词"
6473,"undeveloped","超纲词"
6474,"undoubted","超纲词"
6475,"undue","超纲词"
6476,"uneconomic","超纲词"
6477,"unemployed","超纲词"
6478,"uneven","超纲词"
6479,"unfairness","超纲词"
6480,"unfamiliar","超纲词"
6481,"unfashionable","超纲词"
6482,"unfavorable","超纲词"
6483,"unfeasible","超纲词"
6484,"unfocused","超纲词"
6485,"unification","超纲词"
6486,"uniformly","超纲词"
6487,"unilateral","超纲词"
6488,"unimaginable","超纲词"
6489,"unintentional","超纲词"
6490,"unionize","超纲词"
6491,"universality","超纲词"
6492,"unjust","超纲词"
6493,"unknowable","超纲词"
6494,"unlearned","超纲词"
6495,"unleash","超纲词"
6496,"unnatural","超纲词"
6497,"unnecessarily","超纲词"
6498,"unprecedented","超纲词"
6499,"unpredictability","超纲词"
6500,"unpredictable","超纲词"
6501,"unpretentious","超纲词"
6502,"unrealistic","超纲词"
6503,"unreasonable","超纲词"
6504,"unrecognized","超纲词"
6505,"unrelated","超纲词"
6506,"unrepresentative","超纲词"
6507,"unseat","超纲词"
6508,"unsettle","超纲词"
6509,"unsurprisingly","超纲词"
6510,"untested","超纲词"
6511,"unwieldy","超纲词"
6512,"unworthy","超纲词"
6513,"upcoming","超纲词"
6514,"upfront","超纲词"
6515,"upheaval","超纲词"
6516,"upholster","超纲词"
6517,"upkeep","超纲词"
6518,"uplifting","超纲词"
6519,"upload","超纲词"
6520,"upscale","超纲词"
6521,"upside","超纲词"
6522,"upstart","超纲词"
6523,"usher","超纲词"
6524,"utopia","超纲词"
6525,"vault","超纲词"
6526,"vengeance","超纲词"
6527,"visualize","超纲词"
6528,"vitality","超纲词"
6529,"volcanic","超纲词"
6530,"wade","超纲词"
6531,"ware","超纲词"
6532,"warrior","超纲词"
6533,"watershed","超纲词"
6534,"well-being","超纲词"
6535,"whirlwind","超纲词"
6536,"wholesale","超纲词"
6537,"wilderness","超纲词"
6538,"wildlife","超纲词"
6539,"woodcut","超纲词"
6540,"woodland","超纲词"
6541,"wordy","超纲词"
6542,"workforce","超纲词"
6543,"workload","超纲词"
6544,"workplace","超纲词"
6545,"worrisome","超纲词"
6546,"wreak","超纲词"
6547,"wrongdoing","超纲词"
6548,"yearning","超纲词"
